index,d__Bacteria;p__Planctomycetota;c__Planctomycetes;o__Pirellulales;f__Pirellulaceae;g__Blastopirellula;s__uncultured_planctomycete,d__Bacteria;p__Proteobacteria;c__Alphaproteobacteria;o__Rhodospirillales;f__Terasakiellaceae;g__uncultured;__,d__Bacteria;p__Proteobacteria;c__Alphaproteobacteria;o__Kordiimonadales;f__Kordiimonadaceae;g__Kordiimonas;__,d__Bacteria;p__Planctomycetota;c__Planctomycetes;o__Pirellulales;f__Pirellulaceae;g__Rhodopirellula;__,d__Bacteria;p__Bacteroidota;c__Bacteroidia;o__Sphingobacteriales;f__NS11-12_marine_group;g__NS11-12_marine_group;__,d__Bacteria;p__Proteobacteria;c__Alphaproteobacteria;o__Sphingomonadales;f__Sphingomonadaceae;g__Sphingorhabdus;__,d__Bacteria;p__Proteobacteria;c__Gammaproteobacteria;o__Oceanospirillales;f__Nitrincolaceae;__;__,d__Bacteria;p__Desulfobacterota;c__Desulfuromonadia;o__Bradymonadales;f__Bradymonadales;g__Bradymonadales;__,d__Bacteria;p__Bacteroidota;c__Bacteroidia;o__Flavobacteriales;f__Cryomorphaceae;g__uncultured;s__uncultured_bacterium,d__Bacteria;p__Planctomycetota;c__Phycisphaerae;o__Phycisphaerales;f__Phycisphaeraceae;g__Phycisphaera;s__uncultured_bacterium,d__Bacteria;p__Bacteroidota;c__Bacteroidia;o__Cytophagales;f__Cyclobacteriaceae;g__Fabibacter;s__uncultured_bacterium,d__Bacteria;p__Proteobacteria;c__Alphaproteobacteria;o__Caulobacterales;f__Hyphomonadaceae;g__Oceanicaulis;__,d__Bacteria;p__Bacteroidota;c__Bacteroidia;o__Flavobacteriales;f__Flavobacteriaceae;g__Winogradskyella;__,d__Bacteria;p__Bacteroidota;c__Bacteroidia;o__Cytophagales;f__Cyclobacteriaceae;g__uncultured;s__uncultured_deep-sea,d__Bacteria;p__Proteobacteria;c__Gammaproteobacteria;o__Alteromonadales;f__Alteromonadaceae;g__Aestuariibacter;s__uncultured_bacterium,d__Bacteria;p__Bacteroidota;c__Bacteroidia;o__Flavobacteriales;f__Flavobacteriaceae;g__Aureisphaera;s__Aureisphaera_salina,d__Bacteria;p__Proteobacteria;c__Alphaproteobacteria;__;__;__;__,d__Bacteria;p__Bacteroidota;c__Bacteroidia;o__Cytophagales;f__Cyclobacteriaceae;g__Marinoscillum;s__uncultured_Flammeovirgaceae,d__Bacteria;p__Proteobacteria;c__Alphaproteobacteria;o__Rhodospirillales;f__Thalassospiraceae;g__Thalassospira;__,d__Bacteria;p__Proteobacteria;c__Alphaproteobacteria;o__Parvibaculales;f__Parvibaculaceae;g__Candidatus_Phaeomarinobacter;s__Candidatus_Phaeomarinobacter,d__Bacteria;p__Planctomycetota;c__Planctomycetes;o__Planctomycetales;f__Rubinisphaeraceae;g__Fuerstia;s__uncultured_bacterium,d__Bacteria;p__Proteobacteria;c__Alphaproteobacteria;o__Rhizobiales;f__Stappiaceae;g__Labrenzia;__,d__Bacteria;p__Bacteroidota;c__Bacteroidia;o__Flavobacteriales;f__Flavobacteriaceae;g__Maribacter;s__Maribacter_sp.,d__Bacteria;p__Proteobacteria;c__Gammaproteobacteria;o__Oceanospirillales;f__Oceanospirillaceae;g__Oceanospirillum;__,d__Bacteria;p__Proteobacteria;c__Gammaproteobacteria;o__Oceanospirillales;f__Pseudohongiellaceae;g__Pseudohongiella;s__uncultured_organism,d__Bacteria;p__Proteobacteria;c__Alphaproteobacteria;o__Rhodobacterales;f__Rhodobacteraceae;__;__,d__Bacteria;p__Proteobacteria;c__Alphaproteobacteria;o__Kordiimonadales;f__Kordiimonadaceae;g__Kordiimonas;s__uncultured_Kordiimonas,d__Bacteria;p__Planctomycetota;c__OM190;o__OM190;f__OM190;g__OM190;s__uncultured_bacterium,d__Bacteria;p__Proteobacteria;c__Alphaproteobacteria;o__Caulobacterales;f__Hyphomonadaceae;g__Hyphomonas;__,d__Bacteria;p__Proteobacteria;c__Alphaproteobacteria;o__Rhodobacterales;f__Rhodobacteraceae;g__Roseovarius;__,d__Bacteria;p__Bacteroidota;c__Kapabacteria;o__Kapabacteriales;f__Kapabacteriales;g__Kapabacteriales;s__uncultured_bacterium,d__Bacteria;p__Proteobacteria;c__Gammaproteobacteria;o__OM182_clade;f__OM182_clade;g__OM182_clade;__,d__Bacteria;p__Bacteroidota;c__Bacteroidia;o__Flavobacteriales;f__Flavobacteriaceae;g__Maribacter;s__uncultured_bacterium,d__Bacteria;p__Bacteroidota;c__Rhodothermia;o__Balneolales;f__Balneolaceae;g__Balneola;s__uncultured_Balneola,d__Bacteria;p__Proteobacteria;c__Gammaproteobacteria;o__Cellvibrionales;f__Porticoccaceae;g__Porticoccus;s__uncultured_bacterium,d__Bacteria;p__Bacteroidota;c__Bacteroidia;o__Flavobacteriales;f__Flavobacteriaceae;g__Hyunsoonleella;__,d__Bacteria;p__Proteobacteria;c__Gammaproteobacteria;o__OM182_clade;f__OM182_clade;g__OM182_clade;s__uncultured_bacterium,d__Bacteria;p__Proteobacteria;c__Gammaproteobacteria;o__Cellvibrionales;f__Spongiibacteraceae;g__Zhongshania;__,d__Bacteria;p__Proteobacteria;c__Alphaproteobacteria;o__Rhizobiales;f__Stappiaceae;__;__,d__Bacteria;p__Proteobacteria;c__Alphaproteobacteria;o__Rhizobiales;f__Rhizobiaceae;g__Cohaesibacter;s__Cohaesibacter_sp.,d__Bacteria;p__Proteobacteria;c__Gammaproteobacteria;o__Alteromonadales;f__Marinobacteraceae;g__Marinobacter;__,d__Bacteria;p__Bacteroidota;c__Rhodothermia;o__Balneolales;f__Balneolaceae;g__Balneola;__,d__Bacteria;p__Proteobacteria;c__Gammaproteobacteria;o__Oceanospirillales;f__Nitrincolaceae;g__Neptuniibacter;__,d__Bacteria;p__Bacteroidota;c__Bacteroidia;o__Flavobacteriales;f__Flavobacteriaceae;g__Muricauda;__,d__Bacteria;p__Bacteroidota;c__Bacteroidia;o__Flavobacteriales;f__Flavobacteriaceae;g__Aestuariibaculum;s__Gaetbulibacter_sp.,d__Bacteria;p__Planctomycetota;c__Planctomycetes;o__Planctomycetales;f__Gimesiaceae;g__uncultured;__,d__Bacteria;p__Bacteroidota;c__Bacteroidia;o__Cytophagales;f__Cyclobacteriaceae;g__Ekhidna;s__Ekhidna_sp.,d__Bacteria;p__Proteobacteria;c__Alphaproteobacteria;o__Defluviicoccales;f__uncultured;g__uncultured;s__uncultured_organism,d__Bacteria;p__Elusimicrobiota;c__Elusimicrobia;o__Elusimicrobiales;f__Elusimicrobiaceae;g__Elusimicrobium;s__uncultured_deep-sea,d__Bacteria;p__Bacteroidota;c__Bacteroidia;o__Flavobacteriales;f__Flavobacteriaceae;g__Arenibacter;__,d__Bacteria;p__Proteobacteria;c__Gammaproteobacteria;o__Oceanospirillales;f__Alcanivoracaceae1;g__Alcanivorax;s__uncultured_Alcanivorax,d__Bacteria;p__Actinobacteriota;c__Acidimicrobiia;o__Microtrichales;f__Ilumatobacteraceae;g__Ilumatobacter;__,d__Bacteria;p__Proteobacteria;c__Alphaproteobacteria;o__Kiloniellales;f__Kiloniellaceae;g__Pelagibius;__,d__Bacteria;p__Bacteroidota;c__Bacteroidia;o__Flavobacteriales;f__Flavobacteriaceae;__;__,d__Bacteria;p__Proteobacteria;c__Alphaproteobacteria;o__Sneathiellales;f__Sneathiellaceae;g__Sneathiella;s__uncultured_bacterium,d__Bacteria;p__Bacteroidota;c__Bacteroidia;o__Flavobacteriales;f__Flavobacteriaceae;g__Spongiibacterium;s__uncultured_bacterium,d__Bacteria;p__Hydrogenedentes;c__Hydrogenedentia;o__Hydrogenedentiales;f__Hydrogenedensaceae;g__Hydrogenedensaceae;s__metagenome,d__Bacteria;p__Planctomycetota;c__Phycisphaerae;o__Phycisphaerales;f__Phycisphaeraceae;g__SM1A02;s__uncultured_Algisphaera,d__Bacteria;p__Planctomycetota;c__Phycisphaerae;o__Phycisphaerales;f__Phycisphaeraceae;g__Algisphaera;s__Algisphaera_agarilytica,d__Bacteria;p__Verrucomicrobiota;c__Verrucomicrobiae;o__Verrucomicrobiales;f__DEV007;g__DEV007;s__uncultured_bacterium,d__Bacteria;p__Proteobacteria;c__Gammaproteobacteria;o__Alteromonadales;f__Alteromonadaceae;g__Alteromonas;__,d__Bacteria;p__Bacteroidota;c__Bacteroidia;o__Flavobacteriales;f__Flavobacteriaceae;g__Ulvibacter;s__uncultured_Bacteroidetes,d__Bacteria;p__Proteobacteria;c__Alphaproteobacteria;o__Rhodobacterales;f__Rhodobacteraceae;g__uncultured;s__Rhodobacterales_bacterium,d__Bacteria;p__Actinobacteriota;__;__;__;__;__,d__Bacteria;p__Proteobacteria;c__Gammaproteobacteria;o__Oceanospirillales;f__Pseudohongiellaceae;g__Pseudohongiella;__,d__Bacteria;p__Proteobacteria;c__Alphaproteobacteria;o__Rhodobacterales;f__Rhodobacteraceae;g__Shimia;__,d__Bacteria;p__Firmicutes;c__Bacilli;o__Bacillales;f__Bacillaceae;g__Bacillus;__,d__Bacteria;p__Proteobacteria;c__Alphaproteobacteria;o__Caulobacterales;f__Hyphomonadaceae;g__Maricaulis;__,d__Bacteria;p__Proteobacteria;c__Alphaproteobacteria;o__Rhizobiales;f__Devosiaceae;g__Maritalea;__,d__Bacteria;p__Bacteroidota;c__Kapabacteria;o__Kapabacteriales;f__Kapabacteriales;g__Kapabacteriales;s__uncultured_marine,d__Bacteria;p__Proteobacteria;c__Gammaproteobacteria;o__Oceanospirillales;f__Nitrincolaceae;g__Neptuniibacter;s__uncultured_bacterium,d__Bacteria;p__Planctomycetota;c__Planctomycetes;o__Planctomycetales;f__Gimesiaceae;g__Gimesia;__,d__Bacteria;p__Planctomycetota;c__Phycisphaerae;o__Phycisphaerales;f__Phycisphaeraceae;g__SM1A02;s__Nannochloropsis_gaditana,d__Bacteria;p__Proteobacteria;c__Alphaproteobacteria;o__Rhodospirillales;f__Magnetospiraceae;g__uncultured;s__uncultured_marine,d__Bacteria;p__Planctomycetota;c__Phycisphaerae;o__Phycisphaerales;f__Phycisphaeraceae;g__SM1A02;s__uncultured_bacterium,d__Bacteria;p__Bacteroidota;c__Rhodothermia;o__Balneolales;f__Balneolaceae;g__Balneola;s__uncultured_Bacteroidetes,d__Bacteria;p__Planctomycetota;c__Planctomycetes;o__Pirellulales;f__Pirellulaceae;__;__,d__Bacteria;p__Proteobacteria;c__Alphaproteobacteria;o__Kordiimonadales;f__uncultured;g__uncultured;s__uncultured_bacterium,d__Bacteria;p__Firmicutes;c__Bacilli;o__Lactobacillales;f__Lactobacillaceae;g__Lactobacillus;s__Lactobacillus_fermentum,d__Bacteria;p__Proteobacteria;c__Alphaproteobacteria;o__Parvibaculales;f__uncultured;g__uncultured;__,d__Bacteria;p__Bacteroidota;c__Bacteroidia;o__Flavobacteriales;f__Cryomorphaceae;g__Vicingus;__,d__Bacteria;p__Bacteroidota;c__Bacteroidia;o__Chitinophagales;f__Saprospiraceae;g__Membranicola;__,d__Bacteria;p__Bacteroidota;c__Bacteroidia;o__Cytophagales;f__Cyclobacteriaceae;g__uncultured;__,d__Bacteria;p__Desulfobacterota;c__Desulfuromonadia;o__PB19;f__PB19;g__PB19;s__uncultured_bacterium,d__Bacteria;p__Bacteroidota;c__Bacteroidia;o__Cytophagales;f__Cyclobacteriaceae;g__Marinoscillum;s__uncultured_organism,d__Bacteria;p__Proteobacteria;c__Gammaproteobacteria;o__Salinisphaerales;f__Salinisphaeraceae;g__Salinisphaera;s__uncultured_bacterium,d__Bacteria;p__Firmicutes;c__Bacilli;o__Bacillales;f__Bacillaceae;__;__,d__Bacteria;p__Bacteroidota;c__Bacteroidia;o__Flavobacteriales;f__Crocinitomicaceae;g__Crocinitomix;__,d__Bacteria;p__Proteobacteria;c__Gammaproteobacteria;o__OM182_clade;f__OM182_clade;g__OM182_clade;s__uncultured_gamma,d__Bacteria;p__Proteobacteria;c__Gammaproteobacteria;o__Ga0077536;f__Ga0077536;g__Ga0077536;s__uncultured_bacterium,d__Bacteria;p__Proteobacteria;c__Gammaproteobacteria;o__Alteromonadales;f__Colwelliaceae;g__Colwellia;__,d__Bacteria;p__Actinobacteriota;c__Actinobacteria;o__Propionibacteriales;f__Propionibacteriaceae;g__Cutibacterium;__,d__Bacteria;p__Proteobacteria;c__Alphaproteobacteria;o__Rhizobiales;f__Methyloligellaceae;g__uncultured;s__uncultured_Rhizobiales,d__Bacteria;p__Myxococcota;c__Polyangia;o__Nannocystales;f__Nannocystaceae;g__uncultured;s__uncultured_proteobacterium,d__Bacteria;p__Planctomycetota;c__OM190;o__OM190;f__OM190;g__OM190;s__uncultured_marine,d__Bacteria;p__Bacteroidota;c__Bacteroidia;o__Flavobacteriales;f__Flavobacteriaceae;g__Mesoflavibacter;s__Mesoflavibacter_sp.,d__Bacteria;p__Proteobacteria;c__Alphaproteobacteria;o__NRL2;f__NRL2;g__NRL2;s__alpha_proteobacterium,d__Bacteria;p__Bacteroidota;c__Bacteroidia;o__Flavobacteriales;f__Cryomorphaceae;g__Owenweeksia;s__uncultured_marine,d__Bacteria;p__Proteobacteria;c__Alphaproteobacteria;o__Caulobacterales;f__Hyphomonadaceae;g__Litorimonas;__,d__Bacteria;p__Bacteroidota;c__Bacteroidia;o__Cytophagales;f__Cyclobacteriaceae;g__Reichenbachiella;s__uncultured_marine,d__Bacteria;p__Proteobacteria;c__Alphaproteobacteria;o__Caulobacterales;f__Hyphomonadaceae;g__Hellea;s__uncultured_Alphaproteobacteria,d__Bacteria;p__Proteobacteria;c__Alphaproteobacteria;o__Caulobacterales;f__Hyphomonadaceae;g__Oceanicaulis;s__Oceanicaulis_sp.,d__Bacteria;p__Proteobacteria;c__Gammaproteobacteria;o__Cellvibrionales;f__Spongiibacteraceae;g__Spongiibacter;s__Spongiibacter_marinus,d__Bacteria;p__Proteobacteria;c__Alphaproteobacteria;o__Parvibaculales;f__Parvibaculaceae;g__Pyruvatibacter;s__Pyruvatibacter_mobilis,d__Bacteria;p__Bacteroidota;c__Bacteroidia;o__Flavobacteriales;f__Flavobacteriaceae;g__Maribacter;s__Maribacter_polysiphoniae,d__Bacteria;p__Verrucomicrobiota;c__Verrucomicrobiae;o__Verrucomicrobiales;f__DEV007;g__DEV007;__,d__Bacteria;p__Bacteroidota;c__Bacteroidia;o__Flavobacteriales;f__Flavobacteriaceae;g__Costertonia;s__mucus_bacterium,d__Bacteria;p__Bacteroidota;c__Bacteroidia;o__Flavobacteriales;f__Crocinitomicaceae;g__Fluviicola;__,d__Bacteria;p__Proteobacteria;c__Alphaproteobacteria;o__Rhizobiales;f__Rhizobiales_Incertae_Sedis;g__Anderseniella;__,d__Bacteria;p__Planctomycetota;c__Planctomycetes;o__Pirellulales;f__Pirellulaceae;g__Blastopirellula;s__uncultured_bacterium,d__Bacteria;p__Bacteroidota;c__Bacteroidia;o__Sphingobacteriales;f__NS11-12_marine_group;g__NS11-12_marine_group;s__uncultured_Bacteroidetes,d__Bacteria;p__Bacteroidota;c__Rhodothermia;o__Balneolales;f__Balneolaceae;g__Balneola;s__Balneola_vulgaris,d__Bacteria;p__Proteobacteria;c__Gammaproteobacteria;__;__;__;__,d__Bacteria;p__Proteobacteria;c__Alphaproteobacteria;o__Rhizobiales;f__Rhizobiaceae;g__Pseudahrensia;s__uncultured_bacterium,d__Bacteria;p__Bacteroidota;c__Bacteroidia;o__Flavobacteriales;f__Cryomorphaceae;g__Vicingus;s__uncultured_bacterium,d__Bacteria;p__Proteobacteria;c__Alphaproteobacteria;o__Rhodospirillales;f__Terasakiellaceae;g__uncultured;s__alpha_proteobacterium,d__Bacteria;p__Proteobacteria;c__Alphaproteobacteria;o__Rhodobacterales;f__Rhodobacteraceae;g__Jannaschia;__,d__Bacteria;p__Planctomycetota;c__Phycisphaerae;o__Phycisphaerales;f__Phycisphaeraceae;g__Algisphaera;s__uncultured_bacterium,d__Bacteria;p__Proteobacteria;c__Alphaproteobacteria;o__Rhodospirillales;f__Magnetospiraceae;g__uncultured;__,d__Bacteria;p__Proteobacteria;c__Gammaproteobacteria;o__Burkholderiales;f__Methylophilaceae;g__Methylotenera;s__uncultured_beta,d__Bacteria;p__Proteobacteria;c__Gammaproteobacteria;o__Cellvibrionales;f__Halieaceae;g__Halioglobus;__,d__Bacteria;p__Planctomycetota;c__Planctomycetes;o__Pirellulales;f__Pirellulaceae;g__Rhodopirellula;s__uncultured_bacterium,d__Bacteria;p__Proteobacteria;c__Alphaproteobacteria;o__Sphingomonadales;f__Sphingomonadaceae;g__Erythrobacter;s__Erythrobacter_longus,d__Bacteria;p__Bacteroidota;c__Bacteroidia;o__Flavobacteriales;f__Flavobacteriaceae;g__Jejudonia;s__uncultured_Bacteroidetes,d__Bacteria;p__Proteobacteria;c__Alphaproteobacteria;o__Rhodospirillales;f__Magnetospiraceae;g__uncultured;s__uncultured_bacterium,d__Bacteria;p__Proteobacteria;c__Gammaproteobacteria;o__Oceanospirillales;f__Nitrincolaceae;g__Amphritea;s__uncultured_bacterium,d__Bacteria;p__Chloroflexi;c__Anaerolineae;o__SBR1031;f__A4b;g__A4b;s__uncultured_marine,d__Bacteria;p__Proteobacteria;c__Alphaproteobacteria;o__Kordiimonadales;f__Kordiimonadaceae;g__Kordiimonas;s__uncultured_bacterium,d__Bacteria;p__Firmicutes;c__Clostridia;o__Clostridia_vadinBB60_group;f__Clostridia_vadinBB60_group;g__Clostridia_vadinBB60_group;s__gut_metagenome,d__Bacteria;p__Bacteroidota;c__Rhodothermia;o__Balneolales;f__Balneolaceae;g__Balneola;s__uncultured_bacterium,d__Bacteria;p__Proteobacteria;c__Gammaproteobacteria;o__Alteromonadales;f__Alteromonadaceae;__;__,d__Bacteria;p__Bacteroidota;c__Bacteroidia;o__Flavobacteriales;f__Flavobacteriaceae;g__Maribacter;__,d__Bacteria;p__Verrucomicrobiota;c__Verrucomicrobiae;o__Verrucomicrobiales;f__DEV007;g__DEV007;s__uncultured_Verrucomicrobia,d__Bacteria;p__Planctomycetota;c__028H05-P-BN-P5;o__028H05-P-BN-P5;f__028H05-P-BN-P5;g__028H05-P-BN-P5;s__uncultured_bacterium,d__Bacteria;p__Proteobacteria;c__Gammaproteobacteria;o__Alteromonadales;f__Alteromonadaceae;g__Paraglaciecola;__,d__Bacteria;p__Bdellovibrionota;c__Bdellovibrionia;o__Bdellovibrionales;f__Bdellovibrionaceae;g__OM27_clade;s__uncultured_delta,d__Bacteria;p__Bacteroidota;c__Bacteroidia;o__Cytophagales;f__Cyclobacteriaceae;g__Ekhidna;s__uncultured_bacterium,d__Bacteria;p__Proteobacteria;c__Alphaproteobacteria;o__Rhizobiales;f__Methyloligellaceae;g__uncultured;__,d__Bacteria;p__Bacteroidota;c__Bacteroidia;__;__;__;__,d__Bacteria;p__Proteobacteria;c__Gammaproteobacteria;o__Alteromonadales;f__Pseudoalteromonadaceae;g__Pseudoalteromonas;__,d__Bacteria;p__Proteobacteria;c__Gammaproteobacteria;o__Pseudomonadales;f__Pseudomonadaceae;g__Pseudomonas;s__Pseudomonas_pachastrellae,d__Bacteria;p__Proteobacteria;c__Gammaproteobacteria;o__Oceanospirillales;f__Alcanivoracaceae1;g__Alcanivorax;__,d__Bacteria;p__Planctomycetota;c__OM190;o__OM190;f__OM190;g__OM190;s__uncultured_Planctomyces,d__Bacteria;p__Proteobacteria;c__Gammaproteobacteria;o__UBA4486;f__UBA4486;g__UBA4486;__,d__Bacteria;p__Proteobacteria;c__Alphaproteobacteria;o__Rhodobacterales;f__Rhodobacteraceae;g__Cognatishimia;s__uncultured_bacterium,d__Bacteria;p__Bacteroidota;c__Bacteroidia;o__Cytophagales;f__Cyclobacteriaceae;__;__,d__Bacteria;p__Bacteroidota;c__Bacteroidia;o__Flavobacteriales;f__Flavobacteriaceae;g__Aquibacter;s__uncultured_bacterium,d__Bacteria;p__Bacteroidota;c__Bacteroidia;o__Flavobacteriales;f__Flavobacteriaceae;g__Psychroserpens;__,d__Bacteria;p__Proteobacteria;c__Alphaproteobacteria;o__Puniceispirillales;f__uncultured;g__uncultured;s__uncultured_bacterium,d__Bacteria;p__Bacteroidota;c__Bacteroidia;o__Chitinophagales;f__Saprospiraceae;g__Lewinella;s__uncultured_Bacteroidetes,d__Bacteria;p__Proteobacteria;c__Alphaproteobacteria;o__Rhodobacterales;f__Rhodobacteraceae;g__Pseudophaeobacter;__,d__Bacteria;p__Proteobacteria;c__Alphaproteobacteria;o__Thalassobaculales;f__Nisaeaceae;g__Nisaea;__,d__Bacteria;p__Planctomycetota;c__Planctomycetes;o__Pirellulales;f__Pirellulaceae;g__Blastopirellula;__,d__Bacteria;p__Verrucomicrobiota;c__Verrucomicrobiae;o__Opitutales;f__Opitutaceae;g__Cephaloticoccus;__,d__Bacteria;p__Planctomycetota;c__Planctomycetes;o__Pirellulales;f__Pirellulaceae;g__Pirellula;s__uncultured_bacterium,d__Bacteria;p__Proteobacteria;c__Alphaproteobacteria;o__Rhizobiales;f__Rhizobiaceae;g__Roseitalea;s__uncultured_bacterium,d__Bacteria;p__Proteobacteria;c__Alphaproteobacteria;o__Rhodobacterales;f__Rhodobacteraceae;g__Sulfitobacter;__,d__Bacteria;p__Planctomycetota;c__Planctomycetes;o__Pirellulales;f__Pirellulaceae;g__Pir4_lineage;s__uncultured_bacterium,d__Bacteria;p__Proteobacteria;c__Alphaproteobacteria;o__Parvibaculales;f__Parvibaculaceae;g__Mf105b01;s__uncultured_bacterium,d__Bacteria;p__Proteobacteria;c__Alphaproteobacteria;o__Caulobacterales;f__Hyphomonadaceae;g__Hyphobacterium;s__bacterium_p14,d__Bacteria;p__Bacteroidota;c__Bacteroidia;o__Chitinophagales;f__Saprospiraceae;g__Aureispira;__,d__Bacteria;p__Bacteroidota;c__Bacteroidia;o__Cytophagales;f__Cyclobacteriaceae;g__Marinoscillum;__,d__Bacteria;p__Proteobacteria;c__Alphaproteobacteria;o__Rhizobiales;f__Rhizobiaceae;g__Hoeflea;__,d__Bacteria;p__Proteobacteria;c__Alphaproteobacteria;o__Caulobacterales;f__Hyphomonadaceae;g__Oceanicaulis;s__uncultured_Alphaproteobacteria,d__Bacteria;p__Gemmatimonadota;c__BD2-11_terrestrial_group;o__BD2-11_terrestrial_group;f__BD2-11_terrestrial_group;g__BD2-11_terrestrial_group;s__uncultured_bacterium,d__Bacteria;p__Proteobacteria;c__Alphaproteobacteria;o__Rhizobiales;f__Stappiaceae;g__Stappia;__,d__Bacteria;p__NB1-j;c__NB1-j;o__NB1-j;f__NB1-j;g__NB1-j;s__uncultured_organism,d__Bacteria;p__Proteobacteria;c__Alphaproteobacteria;o__NRL2;f__NRL2;g__NRL2;s__uncultured_marine,d__Bacteria;p__Proteobacteria;c__Gammaproteobacteria;o__Arenicellales;f__Arenicellaceae;g__Arenicella;s__uncultured_bacterium,d__Bacteria;p__Bacteroidota;c__Bacteroidia;o__Flavobacteriales;f__Flavobacteriaceae;g__Muricauda;s__Flagellimonas_pacifica,d__Bacteria;p__Sumerlaeota;c__Sumerlaeia;o__Sumerlaeales;f__Sumerlaeaceae;g__Sumerlaea;s__uncultured_bacterium,d__Bacteria;p__Bacteroidota;c__Bacteroidia;o__Flavobacteriales;f__Flavobacteriaceae;g__Flavobacteriaceae;s__Flagellimonas_sp.,d__Bacteria;p__Proteobacteria;c__Alphaproteobacteria;o__Caulobacterales;f__Caulobacteraceae;g__uncultured;__,d__Bacteria;p__Planctomycetota;c__Phycisphaerae;o__Phycisphaerales;f__Phycisphaeraceae;g__SM1A02;s__marine_metagenome,d__Bacteria;p__Bacteroidota;c__Rhodothermia;o__Balneolales;f__Balneolaceae;g__B2706-C7;s__uncultured_bacterium,d__Bacteria;p__Proteobacteria;c__Gammaproteobacteria;o__Alteromonadales;f__Alteromonadaceae;g__Aestuariibacter;s__Aestuariibacter_aggregatus,d__Bacteria;p__Proteobacteria;c__Alphaproteobacteria;o__Caulobacterales;f__Hyphomonadaceae;__;__,d__Bacteria;p__Proteobacteria;c__Alphaproteobacteria;o__Rhizobiales;f__Rhizobiaceae;g__Cohaesibacter;s__uncultured_bacterium,d__Bacteria;p__Planctomycetota;c__BD7-11;o__BD7-11;f__BD7-11;g__BD7-11;s__uncultured_bacterium,d__Bacteria;p__Firmicutes;c__Bacilli;o__Staphylococcales;f__Staphylococcaceae;g__Staphylococcus;__,d__Bacteria;p__Proteobacteria;c__Alphaproteobacteria;o__Caulobacterales;f__Hyphomonadaceae;g__Robiginitomaculum;s__uncultured_Alphaproteobacteria,d__Bacteria;p__Bacteroidota;c__Bacteroidia;o__Cytophagales;f__Cyclobacteriaceae;g__Reichenbachiella;__,d__Bacteria;p__Proteobacteria;c__Gammaproteobacteria;o__Oceanospirillales;f__Kangiellaceae;g__Aliikangiella;s__uncultured_bacterium,d__Bacteria;p__Proteobacteria;c__Gammaproteobacteria;o__Cellvibrionales;f__Porticoccaceae;g__Porticoccus;s__Porticoccus_litoralis,d__Bacteria;p__Bdellovibrionota;c__Bdellovibrionia;o__Bdellovibrionales;f__Bdellovibrionaceae;g__OM27_clade;s__uncultured_bacterium,d__Bacteria;p__Proteobacteria;c__Alphaproteobacteria;o__Rhodobacterales;f__Rhodobacteraceae;g__Roseobacter_clade_NAC11-7_lineage;s__uncultured_Rhodobacteraceae,d__Bacteria;p__Proteobacteria;c__Gammaproteobacteria;o__Salinisphaerales;f__Solimonadaceae;g__Oceanococcus;__,d__Bacteria;p__Proteobacteria;c__Alphaproteobacteria;o__Defluviicoccales;f__uncultured;g__uncultured;__,d__Bacteria;p__Proteobacteria;c__Gammaproteobacteria;o__Oceanospirillales;f__Oleiphilaceae;g__Oleiphilus;__,d__Bacteria;p__Proteobacteria;c__Alphaproteobacteria;o__Rhizobiales;f__Devosiaceae;g__Devosia;__,d__Bacteria;p__Bacteroidota;c__Bacteroidia;o__Chitinophagales;f__Saprospiraceae;g__Phaeodactylibacter;__,d__Bacteria;p__Verrucomicrobiota;c__Verrucomicrobiae;o__Opitutales;f__Opitutaceae;g__Diplosphaera;s__uncultured_bacterium,d__Bacteria;p__Proteobacteria;c__Alphaproteobacteria;o__Kiloniellales;f__Kiloniellaceae;g__Tistlia;s__uncultured_marine,d__Bacteria;p__Bacteroidota;c__Bacteroidia;o__Chitinophagales;f__Saprospiraceae;g__Phaeodactylibacter;s__uncultured_bacterium,d__Bacteria;p__Proteobacteria;c__Alphaproteobacteria;o__Micavibrionales;f__uncultured;g__uncultured;s__uncultured_Rhizobiales,d__Bacteria;p__Proteobacteria;c__Alphaproteobacteria;o__Caulobacterales;f__Hyphomonadaceae;g__uncultured;__,d__Bacteria;p__Bacteroidota;c__Rhodothermia;o__Rhodothermales;f__Rhodothermaceae;g__uncultured;s__uncultured_bacterium,d__Bacteria;p__Proteobacteria;c__Alphaproteobacteria;o__Caulobacterales;f__Hyphomonadaceae;g__uncultured;s__uncultured_Alphaproteobacteria,d__Bacteria;p__Proteobacteria;c__Gammaproteobacteria;o__Oceanospirillales;f__Pseudohongiellaceae;g__Pseudohongiella;s__gamma_proteobacterium,d__Bacteria;p__Proteobacteria;c__Alphaproteobacteria;o__Rhodobacterales;f__Rhodobacteraceae;g__Ruegeria;__,d__Bacteria;p__Proteobacteria;c__Gammaproteobacteria;o__Cellvibrionales;f__Spongiibacteraceae;g__Spongiibacter;__,d__Bacteria;p__Proteobacteria;c__Alphaproteobacteria;o__Micavibrionales;f__Micavibrionaceae;g__uncultured;s__uncultured_bacterium,d__Bacteria;p__Proteobacteria;c__Alphaproteobacteria;o__Rhizobiales;f__Rhizobiaceae;g__Allorhizobium-Neorhizobium-Pararhizobium-Rhizobium;__,d__Bacteria;p__Proteobacteria;c__Gammaproteobacteria;o__Oceanospirillales;f__Halomonadaceae;g__Halomonas;__,d__Bacteria;p__Proteobacteria;c__Alphaproteobacteria;o__Caulobacterales;f__Parvularculaceae;g__Hyphococcus;__,d__Bacteria;p__WPS-2;c__WPS-2;o__WPS-2;f__WPS-2;g__WPS-2;s__hydrothermal_vent,d__Bacteria;p__Proteobacteria;c__Gammaproteobacteria;o__Cellvibrionales;f__Halieaceae;g__OM60(NOR5)_clade;__,d__Bacteria;p__Myxococcota;c__Polyangia;o__Polyangiales;f__Sandaracinaceae;g__Sandaracinus;__,d__Bacteria;p__Planctomycetota;c__Planctomycetes;o__Pirellulales;f__Pirellulaceae;g__Rhodopirellula;s__planctomycete_str.,d__Bacteria;p__Bacteroidota;c__Bacteroidia;o__Flavobacteriales;f__Flavobacteriaceae;g__Costertonia;s__Coraliitalea_coralii,d__Bacteria;p__Bacteroidota;c__Bacteroidia;o__Sphingobacteriales;f__NS11-12_marine_group;g__NS11-12_marine_group;s__Haematococcus_lacustris,d__Bacteria;p__Planctomycetota;c__Phycisphaerae;o__Phycisphaerales;f__Phycisphaeraceae;g__uncultured;s__uncultured_bacterium,d__Bacteria;p__Proteobacteria;c__Alphaproteobacteria;o__Rhizobiales;f__Rhizobiaceae;g__Ahrensia;__,d__Bacteria;p__Bacteroidota;c__Bacteroidia;o__Cytophagales;f__Cyclobacteriaceae;g__Cyclobacterium;s__Cyclobacterium_sp.,d__Bacteria;p__Proteobacteria;c__Gammaproteobacteria;o__Alteromonadales;f__Alteromonadaceae;g__Aestuariibacter;__,d__Bacteria;p__Proteobacteria;c__Gammaproteobacteria;o__Oceanospirillales;f__Nitrincolaceae;g__Marinobacterium;s__Marinobacterium_stanieri,d__Bacteria;p__Proteobacteria;c__Alphaproteobacteria;o__Rhizobiales;f__Devosiaceae;g__Maritalea;s__Maritalea_sp.,d__Bacteria;p__Proteobacteria;c__Gammaproteobacteria;o__Nitrosococcales;f__Methylophagaceae;g__Methylophaga;__,d__Bacteria;p__Proteobacteria;c__Gammaproteobacteria;o__OM182_clade;f__OM182_clade;g__OM182_clade;s__unidentified_marine,d__Bacteria;p__Proteobacteria;c__Alphaproteobacteria;o__Rhodospirillales;f__Rhodospirillaceae;g__uncultured;s__uncultured_Alphaproteobacteria,d__Bacteria;p__Proteobacteria;c__Gammaproteobacteria;o__Cellvibrionales;f__Spongiibacteraceae;g__Spongiibacter;s__Spongiibacter_sp.,d__Bacteria;p__Proteobacteria;c__Alphaproteobacteria;o__Sphingomonadales;f__Sphingomonadaceae;g__Sphingorhabdus;s__Sphingorhabdus_sp.,d__Bacteria;p__Myxococcota;c__Polyangia;o__Nannocystales;f__Nannocystaceae;g__uncultured;__,d__Bacteria;p__Myxococcota;c__Polyangia;o__Haliangiales;f__Haliangiaceae;g__Haliangium;__,d__Bacteria;p__Proteobacteria;c__Alphaproteobacteria;o__Rhizobiales;f__Rhizobiaceae;g__Cohaesibacter;__,d__Bacteria;p__Proteobacteria;c__Alphaproteobacteria;o__Rhodobacterales;f__Rhodobacteraceae;g__Sedimentitalea;__,d__Bacteria;p__Bacteroidota;c__Bacteroidia;o__Flavobacteriales;f__Flavobacteriaceae;g__Maritimimonas;s__uncultured_marine,d__Archaea;p__Crenarchaeota;c__Nitrososphaeria;o__Nitrosopumilales;f__Nitrosopumilaceae;g__Candidatus_Nitrosopumilus;__,d__Bacteria;p__Proteobacteria;c__Gammaproteobacteria;o__Nitrosococcales;f__Methylophagaceae;g__Methylophaga;s__uncultured_Methylophaga,d__Bacteria;p__Proteobacteria;c__Alphaproteobacteria;o__Thalassobaculales;f__Thalassobaculaceae;g__Thalassobaculum;s__Thalassobaculum_litoreum,d__Bacteria;p__Proteobacteria;c__Alphaproteobacteria;o__Rhizobiales;f__Rhizobiaceae;__;__,d__Bacteria;p__Bacteroidota;c__Bacteroidia;o__Cytophagales;f__Spirosomaceae;g__Taeseokella;s__Bacteroidetes_bacterium,d__Bacteria;p__Proteobacteria;c__Alphaproteobacteria;o__Rhizobiales;f__Stappiaceae;g__Labrenzia;s__uncultured_bacterium,d__Bacteria;p__Proteobacteria;c__Gammaproteobacteria;o__Tenderiales;f__Tenderiaceae;g__Candidatus_Tenderia;s__uncultured_gamma,d__Bacteria;p__Planctomycetota;c__OM190;o__OM190;f__OM190;g__OM190;s__uncultured_planctomycete,d__Bacteria;p__Bacteroidota;c__Bacteroidia;o__Cytophagales;f__Cyclobacteriaceae;g__Marinoscillum;s__Marinoscillum_furvescens,d__Bacteria;p__Planctomycetota;c__Planctomycetes;o__Planctomycetales;f__Rubinisphaeraceae;g__Planctomicrobium;s__uncultured_bacterium,d__Bacteria;p__Proteobacteria;c__Gammaproteobacteria;o__Gammaproteobacteria_Incertae_Sedis;f__Unknown_Family;g__Marinicella;__,d__Bacteria;p__Bacteroidota;c__Bacteroidia;o__Cytophagales;f__Cyclobacteriaceae;g__Marinoscillum;s__Marinoscillum_luteum,d__Bacteria;p__Proteobacteria;c__Alphaproteobacteria;o__Parvibaculales;f__Parvibaculaceae;g__Mf105b01;s__uncultured_Alphaproteobacteria,d__Bacteria;p__Actinobacteriota;c__Acidimicrobiia;o__Microtrichales;f__Ilumatobacteraceae;g__Ilumatobacter;s__Ilumatobacter_fluminis,d__Bacteria;p__Planctomycetota;c__Planctomycetes;o__Pirellulales;f__Pirellulaceae;g__Blastopirellula;s__planctomycete_MS1316,d__Bacteria;p__Proteobacteria;c__Alphaproteobacteria;o__Rhizobiales;f__Hyphomicrobiaceae;g__Filomicrobium;__,d__Bacteria;p__Bacteroidota;c__Bacteroidia;o__Flavobacteriales;f__Flavobacteriaceae;g__Tenacibaculum;__,d__Bacteria;p__Proteobacteria;c__Gammaproteobacteria;o__Burkholderiales;f__Comamonadaceae;__;__,d__Bacteria;p__Bacteroidota;c__Bacteroidia;o__Sphingobacteriales;f__NS11-12_marine_group;g__NS11-12_marine_group;s__unidentified_marine,d__Bacteria;p__Planctomycetota;c__Planctomycetes;o__Pirellulales;f__Pirellulaceae;g__Rubripirellula;__,d__Bacteria;p__Proteobacteria;c__Alphaproteobacteria;o__Rhizobiales;f__Rhodobiaceae;g__Amorphus;s__Amorphus_coralli,d__Bacteria;p__Proteobacteria;c__Gammaproteobacteria;o__Salinisphaerales;f__Solimonadaceae;g__Polycyclovorans;s__uncultured_Solimonas,d__Bacteria;p__Planctomycetota;c__Planctomycetes;o__Planctomycetales;f__Gimesiaceae;g__uncultured;s__uncultured_bacterium,d__Bacteria;p__Planctomycetota;c__Phycisphaerae;o__Phycisphaerales;f__Phycisphaeraceae;g__Phycisphaera;__,d__Bacteria;p__Proteobacteria;c__Alphaproteobacteria;o__Kordiimonadales;f__Kordiimonadaceae;g__Kordiimonas;s__Kordiimonas_sp.,d__Bacteria;p__Bacteroidota;c__Bacteroidia;o__Flavobacteriales;f__Flavobacteriaceae;g__Croceitalea;s__Croceitalea_dokdonensis,d__Bacteria;p__Proteobacteria;c__Alphaproteobacteria;o__Puniceispirillales;f__uncultured;g__uncultured;s__uncultured_Alphaproteobacteria,d__Bacteria;p__Bacteroidota;c__Bacteroidia;o__Flavobacteriales;f__Flavobacteriaceae;g__Dokdonia;__,d__Bacteria;p__Proteobacteria;c__Gammaproteobacteria;o__Burkholderiales;f__Burkholderiaceae;g__Limnobacter;__,d__Bacteria;p__Proteobacteria;c__Gammaproteobacteria;o__Burkholderiales;f__Burkholderiaceae;g__Cupriavidus;__
KF0052,0,0,0,0,0,0,0,0,0,8941,0,0,0,0,0,0,29,0,6,232,0,716,0,0,0,17160,0,25,0,112,0,0,0,0,1175,0,0,1594,0,28,5895,0,4,0,0,0,78,0,159,0,5,0,0,0,119,0,0,235,2560,0,19900,0,103,0,10,0,0,99,4,0,0,667,0,183,0,186,0,81,0,161,0,0,119,0,0,0,0,3548,0,0,0,0,0,0,0,0,531,0,0,0,0,0,0,0,1045,0,878,0,14,0,0,2712,16,0,0,0,0,0,0,14,409,286,0,0,0,0,0,0,0,0,0,0,0,0,0,0,0,0,0,0,0,20,0,0,0,0,0,0,0,0,4239,0,0,26,0,0,0,0,0,0,136,10,20,0,0,0,0,0,3,0,0,0,0,0,75,0,0,0,0,0,0,8,0,0,0,0,0,0,0,0,0,34,0,418,0,113,0,0,0,0,0,0,0,1795,0,0,0,0,0,0,0,9,0,0,0,0,0,462,0,0,0,56,0,0,0,0,0,0,0,123,58,0,0,0,0,816,0,0,0,9,0,0,12,0,3,0,37,0,0,4,0,0,0,0,0,37,0
KF0053,0,0,0,0,0,0,0,0,0,5367,0,0,0,0,0,0,0,0,3995,0,1572,4301,0,0,0,0,0,0,0,0,1394,0,0,0,0,0,0,0,0,0,3255,0,0,0,4860,0,8,0,0,0,12190,0,0,0,105,0,0,0,0,0,1995,0,0,0,0,0,2,0,49,221,0,0,0,1837,211,0,0,16,0,192,2761,0,0,4,0,0,0,0,10,0,0,0,5309,0,0,0,0,0,0,0,0,0,0,0,0,0,0,0,0,0,0,0,0,0,0,366,0,0,127,0,0,0,0,0,0,0,0,0,0,0,0,0,0,0,0,0,0,0,0,0,0,0,825,0,0,742,0,0,0,0,323,0,0,0,0,0,258,0,0,0,0,0,343,0,130,0,0,0,0,0,0,0,0,0,0,0,0,364,0,0,0,541,0,0,0,0,0,0,56,0,0,0,0,0,0,0,0,0,0,0,2836,0,0,0,0,0,0,3495,0,0,0,0,0,0,0,0,0,461,0,0,0,0,0,0,0,65,0,0,0,0,1222,0,0,0,0,0,0,0,0,433,0,0,0,0,0,0,0,0,0,0,0,0,0,0,0,0,0
KF0054,0,0,0,0,0,0,0,0,0,5315,164,0,0,0,0,0,0,0,684,7,2,53,0,0,0,5067,0,13,0,0,193,0,0,490,1165,0,0,0,0,0,1456,0,0,0,4,29,0,0,0,0,24347,0,0,0,145,0,0,0,324,0,10256,0,0,0,0,0,0,25,52,0,0,437,0,274,0,347,0,0,0,57,0,0,0,0,0,0,0,0,0,0,0,0,0,0,0,0,0,0,0,0,0,0,0,0,0,0,0,4383,0,0,0,1604,0,0,0,44,0,0,0,0,248,0,0,0,0,0,0,0,0,0,0,163,0,0,0,0,0,0,0,0,0,0,0,0,0,0,0,0,0,0,14215,1083,0,0,0,0,0,0,327,0,0,0,0,0,0,0,0,0,0,0,0,0,0,0,0,0,0,32,0,0,0,0,0,0,0,0,155,27,0,0,0,0,0,0,0,0,0,0,147,0,1226,0,0,0,0,0,0,4,0,0,0,0,0,0,0,0,0,908,0,0,0,0,0,0,0,713,0,0,0,0,0,0,0,0,0,179,0,0,0,0,2,0,0,0,0,0,0,0,0,0,0,0,0,0,0,0,0
KF0060,0,0,0,112,0,4,0,4,0,17630,184,540,0,0,0,0,191,0,0,0,161,0,0,0,0,10678,0,0,0,0,0,0,0,822,801,0,0,202,0,0,3845,0,0,0,0,0,10,0,0,0,15040,0,0,0,0,0,9,0,4044,0,4,16486,0,0,66,0,0,0,39,0,0,290,0,0,0,0,0,0,0,681,0,0,0,0,0,254,0,0,0,0,0,0,0,0,0,0,0,0,0,0,0,0,0,0,0,227,0,4659,0,0,1351,412,4,0,0,27,0,0,0,0,0,0,0,0,0,0,0,0,0,0,0,0,0,0,0,0,0,0,0,0,0,0,0,0,0,94,0,0,0,0,6734,0,0,0,0,0,0,0,0,0,0,147,139,0,0,0,0,0,0,123,0,0,2,0,0,0,0,609,0,0,0,16,0,0,0,2804,416,0,0,0,0,0,0,0,0,0,0,0,0,0,0,0,0,0,0,0,0,0,0,0,0,0,0,0,0,0,0,730,0,0,0,0,0,0,125,22,0,0,0,0,0,0,0,0,0,545,0,0,0,0,0,0,26,0,0,0,0,0,478,0,0,0,0,0,0,136,0
KF0070,0,0,11,0,0,0,0,0,0,0,0,0,0,0,0,0,689,0,2796,0,0,0,0,0,0,11965,0,0,0,0,0,0,1112,3862,12,0,0,0,0,0,4126,0,0,0,0,0,471,0,0,0,8521,0,0,0,0,0,0,1764,0,0,12657,0,0,0,258,0,0,0,34,0,0,0,0,568,0,0,0,0,0,550,0,0,0,0,0,3,0,0,0,0,0,0,0,0,0,0,0,0,0,89,0,0,0,0,0,0,0,9972,0,0,0,1269,0,0,0,117,0,0,0,0,0,0,0,0,0,0,0,0,0,0,0,0,0,0,0,0,7,2131,0,0,0,90,0,0,0,0,0,0,0,0,19771,0,0,0,0,0,0,0,0,0,0,0,0,0,0,0,0,0,0,0,0,0,0,0,0,0,0,0,0,0,0,33,0,2904,0,0,0,0,0,0,0,0,0,0,0,0,0,0,0,0,0,0,0,0,42,0,0,0,0,0,0,0,0,0,0,0,125,935,0,0,0,0,0,0,0,116,0,8,0,0,0,0,0,0,0,72,0,0,199,0,0,0,0,0,0,0,0,0,870,0,0,0,0,0,0,8858,0
KF0077,838,0,3,0,0,41,0,0,0,9674,0,0,0,0,0,0,0,242,0,666,0,985,0,0,0,11541,0,0,545,0,0,0,0,2835,368,0,0,474,0,0,476,140,4,0,150,0,0,0,0,42,7433,5,0,38,0,0,70,294,2,0,4976,176,0,0,429,0,0,17,0,0,5,1395,0,0,0,0,1911,2,0,156,0,0,156,685,0,763,0,0,0,0,0,0,27,0,0,0,276,230,0,0,0,0,0,0,0,0,0,0,0,0,139,0,0,104,0,23,0,0,0,0,0,0,0,36294,0,0,0,0,0,0,0,1770,0,2358,0,0,0,1926,0,11,0,0,0,0,0,0,0,0,0,0,2873,389,2859,0,0,0,10,0,0,0,0,0,0,0,0,0,0,0,0,0,0,0,3,0,0,0,0,860,7436,3,3,0,3,0,0,0,0,0,0,0,0,0,0,0,0,9,0,0,0,0,0,0,0,0,0,0,191,0,0,0,0,0,0,0,0,0,0,226,0,0,0,0,0,0,0,0,0,0,0,0,0,747,0,0,0,0,87,0,33,0,0,248,12,0,0,0,0,0,1137,0,0,0,0,0,0,32,0
KF0123,0,38,125,30,0,41,1607,0,0,3,913,0,0,352,0,196,139,0,4973,15,66,1650,40,0,435,6294,0,0,0,0,0,401,0,0,556,0,0,0,0,0,12142,2130,31182,0,0,9,120,304,0,0,9874,145,0,11,216,0,0,0,0,419,3333,0,0,0,375,0,0,519,16,0,99,5,111,493,27,0,0,0,0,19,938,0,0,0,8,672,1634,0,0,522,0,0,0,0,0,110,1846,2181,0,0,0,8,0,0,0,41,0,0,0,0,0,0,160,0,0,0,0,0,0,0,1804,0,0,19,18,3232,189,64,0,0,1313,0,0,0,0,0,0,0,164,0,0,0,0,47,0,0,0,0,78,0,216,499,0,0,0,0,0,24,0,0,0,0,0,0,3,0,7,0,0,0,0,0,4,0,0,0,0,17,0,0,236,276,0,0,0,0,0,0,0,0,0,0,262,0,0,0,4,0,0,0,0,0,0,0,0,0,0,0,0,0,0,0,0,0,0,0,0,3,0,70,0,0,4951,0,0,0,0,0,0,100,10,0,0,19,30,0,26,681,0,253,0,0,0,45,0,0,0,0,0,0,0,0,0,66,0,0,0
KF0129,5,45,73,22,10,0,2031,0,0,7,164,0,0,0,0,0,279,0,4989,35,83,2362,181,4,199,2871,39,0,0,0,0,118,0,0,875,0,0,0,14,0,5804,1252,28422,0,0,0,96,117,0,0,6662,44,0,2459,178,4,0,51,0,308,6774,0,0,2478,217,0,0,1600,4,0,54,0,45,325,0,0,0,0,0,27,287,3,0,0,109,323,345,0,0,0,0,0,4,0,0,0,2065,0,0,0,0,0,0,0,0,16,0,0,0,0,0,0,234,0,0,0,0,0,0,0,0,0,0,0,7,1350,0,12,0,610,0,0,0,0,0,0,0,0,193,0,0,0,0,85,0,0,0,3,48,0,699,649,0,0,0,0,0,7,0,0,0,0,0,4,0,0,0,0,0,0,0,3,6,0,0,0,0,10,0,0,147,24,0,0,0,0,0,0,0,0,0,0,526,0,0,0,0,0,0,0,0,0,0,0,0,0,0,0,0,6,0,0,0,0,0,0,0,0,0,0,0,0,4101,0,0,0,0,0,0,32,6,0,0,11,67,0,0,95,0,204,0,0,0,5010,0,0,0,0,0,0,0,52,0,109,0,0,0
KF0136,0,0,10,0,0,0,0,0,0,0,41,0,0,0,0,0,0,0,1151,720,0,0,0,0,0,177,0,0,0,4819,0,0,0,0,0,0,0,0,0,0,109416,1776,0,3129,0,0,0,0,0,0,0,0,0,0,2161,0,0,0,0,0,0,0,0,0,392,0,0,0,0,0,0,0,0,0,0,0,0,0,0,0,1227,0,0,0,0,0,0,0,0,1961,0,0,0,0,0,0,0,0,0,0,0,0,0,0,0,0,0,0,0,0,0,0,0,0,22,0,0,0,156,0,0,0,0,0,0,0,0,28,2,0,0,0,0,0,0,0,0,0,0,0,0,0,0,0,0,0,0,0,0,0,0,5758,0,0,0,69,0,0,0,0,0,0,0,0,0,0,0,0,0,26,0,0,9,0,0,0,0,0,0,7,0,0,0,0,0,0,0,0,0,0,0,0,0,0,0,0,0,0,0,14986,1924,0,0,0,0,0,0,0,0,0,0,0,0,0,0,0,0,0,0,0,0,0,0,0,0,0,3211,0,0,0,0,0,0,0,0,0,0,0,0,0,0,0,0,5548,6,0,0,40,0,0,0,0,5,0,0,0,5
KF0147,97,0,0,0,0,0,0,0,0,2,78,0,510,0,0,0,0,0,439,0,0,682,0,0,0,1936,0,0,333,17,7,0,0,0,0,0,0,0,0,0,72463,102,0,0,0,0,130,0,0,0,18,0,3,240,9,0,0,0,0,0,0,0,0,0,41,0,0,0,0,0,0,0,0,137,0,3,0,0,2,37,0,0,39,0,0,0,0,0,0,0,0,0,0,0,0,0,0,1003,0,0,0,143,0,353,0,0,0,0,0,0,0,0,190,0,0,0,5,0,0,0,0,0,0,3,0,0,0,83,0,0,0,0,0,0,0,0,0,0,0,0,0,0,0,0,0,0,0,0,30,0,0,242,0,0,0,0,23,0,0,2,0,0,0,0,0,58,0,955,0,11,0,0,0,0,0,0,0,0,0,0,0,0,0,0,0,0,0,0,0,0,0,0,0,0,0,0,0,178,0,183,0,0,0,0,0,0,0,0,0,0,397,0,0,0,0,0,0,0,6,0,0,0,0,0,0,0,0,0,0,25,0,0,0,0,0,0,0,0,0,0,0,0,0,0,3,0,0,0,0,0,33,0,0,0,0,0,0
KF0150,0,0,200,0,0,1237,0,0,0,0,0,0,0,0,0,0,0,0,5,863,0,887,0,0,0,7619,0,0,0,0,0,0,0,0,1424,0,0,0,0,0,45,0,0,0,0,0,0,0,0,0,1340,0,0,22728,0,0,0,651,4002,0,10883,0,0,0,111,0,0,0,0,0,18551,0,6,0,0,0,0,0,0,531,0,0,0,4130,0,0,0,0,0,0,0,4,463,0,0,0,0,0,0,0,0,0,0,0,0,0,0,0,0,0,0,0,0,0,0,0,0,260,0,0,0,0,15,212,0,0,0,0,0,0,76,0,442,0,0,0,0,0,0,156,318,0,0,0,0,0,0,0,0,0,6933,0,0,0,0,0,1004,685,0,0,0,0,0,0,0,0,0,0,0,0,0,0,0,0,0,29,10,0,0,0,0,0,0,0,0,0,0,0,0,0,0,0,0,0,0,0,0,0,0,0,1702,0,0,0,0,0,0,0,0,0,0,0,0,0,0,0,0,1904,0,0,0,0,0,0,0,0,0,0,0,0,0,0,0,0,0,0,0,0,0,0,0,0,0,1088,0,0,0,0,0,0,0,0,0,0,0,0,0
KF0168,0,0,0,0,0,0,0,18673,0,0,0,0,93,0,0,0,3132,0,0,0,925,639,0,0,0,3354,0,0,0,0,679,50,355,0,998,0,0,0,0,0,18,0,6263,0,0,0,0,0,0,0,37330,0,0,0,276,0,0,0,0,0,0,0,0,0,3394,509,0,588,273,0,0,0,0,0,0,0,0,19,0,1459,851,0,0,237,0,0,0,9421,0,0,0,0,0,51,133,0,0,0,8,0,86,0,0,0,0,0,0,0,0,0,0,0,0,43,40,534,0,0,0,0,0,0,0,0,0,0,0,0,0,0,0,0,0,0,55,0,0,4438,0,0,0,268,0,0,0,0,15,0,0,0,92,0,0,0,0,0,810,2040,19,0,0,0,0,0,0,0,0,0,0,0,0,0,0,3,0,0,0,0,0,0,0,0,223,0,0,0,0,0,0,157,0,0,0,0,0,0,0,0,0,0,0,0,0,0,0,0,0,0,0,0,0,0,0,0,28,0,0,0,0,0,71,0,0,50,0,0,0,0,236,0,0,960,0,0,0,0,0,0,0,0,0,0,0,1676,0,0,0,0,0,0,0,0,0,0,0,0,0
KF0170,0,0,0,0,0,0,0,0,0,0,0,0,0,0,0,0,454,0,0,0,0,2131,0,0,0,13888,0,0,0,64,0,0,0,0,1667,0,0,0,0,0,0,0,25335,0,0,0,0,0,0,0,30226,0,0,0,0,0,0,0,0,0,16,0,0,0,0,0,2,4181,0,0,0,0,0,0,0,0,0,0,0,266,0,0,0,0,0,0,0,13142,0,0,0,0,0,0,0,0,0,0,1140,0,102,0,0,0,0,0,0,0,0,0,0,0,0,0,0,0,0,0,0,0,0,0,0,0,0,0,0,0,0,0,0,0,0,0,0,0,0,0,0,0,0,26,0,0,0,0,451,0,0,0,0,0,0,0,0,0,642,0,24,0,0,0,0,0,0,0,0,0,0,0,0,0,0,0,0,0,0,0,0,3,0,0,0,0,0,0,0,0,0,0,0,0,0,0,0,0,0,0,0,0,1454,0,0,0,0,0,0,0,0,0,0,0,0,0,0,0,0,0,0,0,0,0,0,0,0,0,0,0,1052,0,0,0,0,0,0,0,0,0,0,0,0,0,0,0,0,125,0,0,0,0,0,0,0,0,0,0,0
KF0177,0,0,0,0,0,802,0,0,0,0,0,0,8401,0,0,0,0,0,0,0,0,9,0,0,0,7862,0,0,262,0,8623,0,0,0,864,0,0,0,0,15,89,0,0,0,0,0,0,0,0,0,3818,0,0,6311,597,0,0,0,2574,0,4592,0,0,0,47,0,0,0,0,0,11934,0,0,0,0,0,0,0,0,302,0,0,0,1959,0,0,0,0,0,0,22203,0,0,0,0,0,0,0,0,0,0,0,0,530,0,0,0,0,0,0,0,0,0,0,0,0,0,0,0,0,0,0,0,0,0,0,0,0,0,0,0,0,0,0,0,0,0,0,0,0,54,0,0,0,0,0,66,0,0,0,0,0,2,0,0,0,4189,0,0,0,0,0,605,0,0,0,0,0,0,2365,19,0,0,0,0,0,0,237,0,0,0,0,0,0,0,0,0,0,0,0,0,0,0,0,0,0,0,0,0,0,1141,198,0,0,0,0,0,0,1036,0,0,0,0,0,0,11,0,1389,0,0,0,0,0,0,234,0,0,0,0,0,0,0,3049,0,0,0,0,0,0,0,0,0,0,3,0,0,0,0,0,0,0,0,0,0,5389,0,0
KF0178,0,0,0,0,0,121,0,0,0,0,0,100,0,0,0,0,0,0,1196,0,0,0,0,0,0,5,0,0,0,0,0,0,0,855,363,0,0,0,0,0,932,0,1836,262,0,0,0,0,0,0,4045,0,0,15,0,0,0,0,0,0,0,0,0,0,0,2003,0,0,0,0,14244,0,0,0,0,0,0,0,0,0,0,0,0,0,0,0,0,0,0,0,6,0,0,0,0,0,0,0,0,0,0,0,0,0,0,0,0,0,0,0,0,0,0,0,0,0,0,0,0,0,0,0,0,0,0,0,0,0,0,0,0,0,0,0,0,0,0,0,0,0,0,0,0,0,0,0,0,0,0,0,921,0,0,0,0,0,0,0,0,0,0,0,0,0,0,0,0,0,0,0,0,0,0,0,0,0,0,0,0,0,0,0,0,0,0,0,0,0,0,0,322,0,0,0,0,0,0,0,0,0,297,0,5,0,0,0,0,0,0,0,0,0,0,0,0,0,0,202,0,0,0,0,0,0,0,0,0,0,0,0,0,0,3,0,0,0,0,0,0,0,0,0,0,4523,0,0,0,0,0,0,0,0,0,0,4,0,0
KF0179,0,0,0,0,0,0,0,0,0,0,132,0,0,0,0,0,12,0,0,0,67,1078,0,0,0,14298,0,0,525,0,3,0,0,0,0,307,53,0,0,0,0,0,3,745,0,0,0,0,0,0,53371,0,0,2,314,0,0,1146,9,0,26649,0,0,0,0,0,0,0,9,0,0,0,0,0,0,0,0,0,0,86,0,0,0,0,0,0,0,3,0,0,0,0,0,0,0,0,0,0,0,0,0,0,0,0,0,0,0,453,0,0,0,0,0,0,0,0,0,0,0,0,0,0,0,0,0,0,0,0,0,0,0,0,0,0,0,0,0,0,0,0,0,0,0,0,0,0,0,0,0,0,0,863,0,0,0,0,49,0,0,0,0,0,69,0,0,0,0,0,0,0,0,0,0,0,0,782,0,53,0,0,0,0,0,0,0,0,0,0,0,0,0,0,0,0,0,0,0,0,0,0,1893,0,0,0,0,0,0,0,0,0,0,0,1818,0,0,0,46,1667,0,0,0,0,0,0,0,0,0,0,0,0,0,0,0,0,0,0,0,0,0,0,0,0,0,0,0,0,0,0,0,0,0,0,0,0,0,0,0
KF0181,0,56,388,0,0,0,0,0,1572,0,532,0,409,0,1075,0,0,0,454,0,940,1140,0,0,0,6445,0,0,0,0,148,0,0,0,682,0,141,0,0,0,0,0,0,0,0,0,0,0,0,0,7597,0,0,0,63,0,0,24,0,0,3255,0,0,0,56,3553,0,882,0,0,2721,0,0,0,0,0,0,157,0,259,0,0,0,2037,0,0,0,3125,201,0,0,0,21,0,0,0,0,8,0,0,32,0,353,0,0,0,0,0,0,0,8,0,0,0,371,0,0,0,0,0,0,0,0,0,0,0,0,0,0,0,0,332,0,1039,0,0,0,2370,0,0,62,195,0,0,0,0,0,0,0,838,0,480,0,64,360,0,513,12,10,0,0,0,0,0,0,0,0,0,0,11,0,0,0,0,0,0,0,17,0,0,0,0,0,0,0,0,0,0,0,0,0,62,0,0,0,0,0,0,0,0,1571,0,0,0,0,0,0,0,0,0,0,0,0,51,0,0,4,0,0,0,167,0,0,0,0,0,0,0,277,0,0,0,0,0,0,0,0,0,0,0,0,0,0,2431,0,10848,0,0,0,0,24,0,0,32,0,0,0
KF0182,0,0,25,0,0,0,0,0,0,0,68,0,0,0,0,0,0,0,0,0,5,10928,0,0,0,4710,0,0,0,0,0,0,0,0,0,0,294,0,0,0,8,0,0,0,0,0,0,0,0,0,88859,0,0,0,0,0,0,0,0,0,0,0,0,0,0,0,0,605,0,0,0,0,0,0,0,0,0,0,0,0,0,0,0,0,0,0,0,994,0,0,0,0,0,0,0,0,0,0,0,0,0,0,0,0,0,0,0,0,0,0,118,0,0,0,0,0,0,0,0,0,0,0,0,0,0,0,0,0,0,0,0,0,0,0,0,0,0,0,0,0,0,4812,0,0,0,0,0,0,0,0,0,0,0,0,0,0,391,2,83,0,0,0,0,0,0,0,0,0,0,0,0,0,0,0,0,0,0,0,0,0,0,0,0,0,0,0,0,0,0,0,0,71,0,0,0,0,0,0,0,0,5033,0,0,0,0,0,0,0,0,0,0,0,0,0,0,0,0,0,0,0,0,0,0,0,0,0,0,0,0,0,0,0,0,0,0,0,0,0,0,0,0,0,0,3917,0,0,0,0,0,0,0,0,0,0,0,0,0
KF0183,0,0,0,0,0,0,0,694,634,0,47,0,0,0,0,0,0,0,18,0,268,995,305,0,0,6800,0,0,0,0,2,0,0,0,518,0,277,0,0,0,0,0,4653,0,0,0,0,0,0,0,6840,0,0,3896,53,0,0,0,0,0,696,712,0,0,54,34,0,55,0,0,0,0,0,0,0,0,0,0,0,0,0,0,0,0,0,0,0,5237,92,0,0,0,0,0,0,0,0,0,0,0,31,0,150,0,0,0,0,0,0,17,2,0,0,0,0,15,0,0,0,0,0,0,0,0,0,0,0,0,0,0,0,0,0,106,0,439,0,51,0,0,0,21,0,0,27,0,0,0,0,0,0,222,0,0,0,0,66,21,0,0,0,0,0,0,0,0,0,0,0,0,0,0,0,0,0,0,0,8,0,0,2,0,8,0,4,0,0,0,0,0,0,72,0,0,122,0,0,0,0,0,845,0,0,0,0,3,0,0,0,0,0,0,0,0,0,0,0,0,0,0,8,0,0,0,0,0,0,0,142,0,0,0,0,0,0,0,0,0,0,0,0,0,0,181,0,0,0,0,0,0,14,0,0,0,0,0,0