index,d__Bacteria;p__Proteobacteria;c__Gammaproteobacteria;o__Alteromonadales;f__Pseudoalteromonadaceae,d__Bacteria;p__Proteobacteria;c__Alphaproteobacteria;o__Rickettsiales;f__Rickettsiaceae,d__Bacteria;p__Proteobacteria;c__Alphaproteobacteria;o__Rhodobacterales;f__Rhodobacteraceae,d__Bacteria;p__Bacteroidota;c__Bacteroidia;o__Chitinophagales;f__Saprospiraceae,d__Bacteria;p__Chloroflexi;c__Anaerolineae;o__SBR1031;f__A4b,d__Bacteria;p__Actinobacteriota;c__Acidimicrobiia;o__Microtrichales;f__Microtrichaceae,d__Bacteria;p__Bacteroidota;c__Bacteroidia;o__Flavobacteriales;f__Flavobacteriaceae,d__Bacteria;p__Proteobacteria;c__Gammaproteobacteria;o__Gammaproteobacteria_Incertae_Sedis;f__Unknown_Family,d__Bacteria;p__Bdellovibrionota;c__Bdellovibrionia;o__Bacteriovoracales;f__Bacteriovoracaceae,d__Bacteria;p__Bacteroidota;c__Bacteroidia;o__Cytophagales;f__Flammeovirgaceae,d__Bacteria;p__Bacteroidota;c__Bacteroidia;o__Cytophagales;f__Cyclobacteriaceae,d__Bacteria;p__Proteobacteria;c__Alphaproteobacteria;o__Rickettsiales;f__SM2D12,d__Bacteria;p__Proteobacteria;c__Gammaproteobacteria;__;__,d__Bacteria;p__Myxococcota;c__Polyangia;o__Blfdi19;f__Blfdi19,d__Bacteria;p__Acidobacteriota;c__Blastocatellia;o__Blastocatellales;f__Blastocatellaceae,d__Bacteria;p__Proteobacteria;c__Alphaproteobacteria;__;__,d__Bacteria;p__Proteobacteria;c__Gammaproteobacteria;o__Oceanospirillales;f__Saccharospirillaceae,d__Bacteria;p__Proteobacteria;c__Alphaproteobacteria;o__Rhizobiales;f__Rhizobiaceae,d__Bacteria;p__Planctomycetota;c__OM190;o__OM190;f__OM190,d__Bacteria;p__Proteobacteria;c__Gammaproteobacteria;o__Cellvibrionales;f__Halieaceae,d__Bacteria;p__Myxococcota;c__Polyangia;o__Polyangiales;f__Sandaracinaceae,d__Bacteria;p__Proteobacteria;c__Alphaproteobacteria;o__Sphingomonadales;f__Sphingomonadaceae,d__Bacteria;p__Acidobacteriota;c__Thermoanaerobaculia;o__Thermoanaerobaculales;f__Thermoanaerobaculaceae,d__Bacteria;p__Proteobacteria;c__Gammaproteobacteria;o__Cellvibrionales;f__Cellvibrionaceae,d__Bacteria;p__Proteobacteria;c__Gammaproteobacteria;o__Oceanospirillales;f__Nitrincolaceae,d__Bacteria;p__Bdellovibrionota;c__Oligoflexia;o__Oligoflexales;f__uncultured,d__Bacteria;p__Proteobacteria;c__Gammaproteobacteria;o__MBAE14;f__MBAE14,d__Bacteria;p__Verrucomicrobiota;c__Chlamydiae;o__Chlamydiales;f__Chlamydiaceae,d__Bacteria;p__Proteobacteria;c__Gammaproteobacteria;o__OM182_clade;f__OM182_clade,d__Bacteria;p__Patescibacteria;c__Gracilibacteria;o__Gracilibacteria;f__Gracilibacteria,d__Bacteria;p__Proteobacteria;c__Gammaproteobacteria;o__Arenicellales;f__Arenicellaceae,d__Bacteria;p__Bacteroidota;c__Bacteroidia;o__Bacteroidetes_VC2.1_Bac22;f__Bacteroidetes_VC2.1_Bac22,d__Bacteria;p__Fusobacteriota;c__Fusobacteriia;o__Fusobacteriales;f__Fusobacteriaceae,d__Bacteria;p__Campilobacterota;c__Campylobacteria;o__Campylobacterales;f__Arcobacteraceae,d__Bacteria;p__Verrucomicrobiota;c__Verrucomicrobiae;o__Verrucomicrobiales;f__DEV007,d__Bacteria;p__Proteobacteria;c__Alphaproteobacteria;o__Micavibrionales;f__Micavibrionaceae,d__Archaea;p__Crenarchaeota;c__Nitrososphaeria;o__Nitrosopumilales;f__Nitrosopumilaceae,d__Bacteria;p__Proteobacteria;c__Alphaproteobacteria;o__Puniceispirillales;f__uncultured,d__Bacteria;p__Proteobacteria;c__Gammaproteobacteria;o__Vibrionales;f__Vibrionaceae,d__Bacteria;p__Bacteroidota;c__Rhodothermia;o__Balneolales;f__Balneolaceae,d__Bacteria;p__Proteobacteria;c__Gammaproteobacteria;o__AT-s2-59;f__AT-s2-59,d__Bacteria;p__Bacteroidota;c__Bacteroidia;o__Chitinophagales;f__Chitinophagaceae,d__Bacteria;p__Proteobacteria;c__Alphaproteobacteria;o__Paracaedibacterales;f__Paracaedibacteraceae,d__Bacteria;p__NB1-j;c__NB1-j;o__NB1-j;f__NB1-j,d__Bacteria;p__Proteobacteria;c__Gammaproteobacteria;o__Cellvibrionales;f__Spongiibacteraceae,d__Bacteria;p__Proteobacteria;c__Gammaproteobacteria;o__Chromatiales;f__Chromatiaceae,d__Bacteria;p__Planctomycetota;c__Phycisphaerae;o__Tepidisphaerales;f__Tepidisphaeraceae,d__Bacteria;p__Proteobacteria;c__Gammaproteobacteria;o__Oceanospirillales;f__Hahellaceae,d__Bacteria;p__Bacteroidota;c__Bacteroidia;o__Flavobacteriales;f__Schleiferiaceae,d__Bacteria;p__Proteobacteria;c__Gammaproteobacteria;o__Coxiellales;f__Coxiellaceae,d__Bacteria;p__Bacteroidota;c__Bacteroidia;o__Bacteroidales;f__Bacteroidetes_BD2-2,d__Bacteria;p__Proteobacteria;c__Gammaproteobacteria;o__Burkholderiales;f__T34,d__Bacteria;p__Planctomycetota;c__vadinHA49;o__vadinHA49;f__vadinHA49,d__Bacteria;p__Bdellovibrionota;c__Bdellovibrionia;o__Bdellovibrionales;f__Bdellovibrionaceae,d__Bacteria;p__Verrucomicrobiota;c__Verrucomicrobiae;o__Verrucomicrobiales;f__Rubritaleaceae,d__Bacteria;p__Proteobacteria;c__Gammaproteobacteria;o__EC3;f__EC3,d__Bacteria;p__Proteobacteria;c__Alphaproteobacteria;o__uncultured;f__uncultured,d__Bacteria;p__Proteobacteria;c__Gammaproteobacteria;o__Oceanospirillales;f__Oleiphilaceae,d__Bacteria;p__Bacteroidota;c__Bacteroidia;o__Flavobacteriales;f__Crocinitomicaceae,d__Bacteria;p__Proteobacteria;c__Alphaproteobacteria;o__Rhodospirillales;f__Terasakiellaceae,d__Bacteria;p__Acidobacteriota;c__Holophagae;o__Acanthopleuribacterales;f__Acanthopleuribacteraceae,d__Bacteria;p__Bacteroidota;c__Kapabacteria;o__Kapabacteriales;f__Kapabacteriales,d__Bacteria;p__Bacteroidota;c__Bacteroidia;o__Chitinophagales;f__uncultured,d__Bacteria;p__Planctomycetota;c__Phycisphaerae;o__Phycisphaerales;f__Phycisphaeraceae,d__Bacteria;p__Proteobacteria;c__Gammaproteobacteria;o__Nitrosococcales;f__Methylophagaceae,d__Bacteria;p__Proteobacteria;c__Gammaproteobacteria;o__Cellvibrionales;f__Porticoccaceae,d__Bacteria;p__Planctomycetota;c__Planctomycetes;__;__,d__Bacteria;p__Bacteroidota;c__Bacteroidia;o__Sphingobacteriales;f__NS11-12_marine_group,d__Bacteria;p__Proteobacteria;c__Alphaproteobacteria;o__Caulobacterales;f__Hyphomonadaceae,d__Archaea;p__Halobacterota;c__Halobacteria;o__Halobacterales;f__Halomicrobiaceae,d__Bacteria;p__Proteobacteria;c__Gammaproteobacteria;o__Alteromonadales;f__Marinobacteraceae,d__Bacteria;p__Proteobacteria;c__Alphaproteobacteria;o__Rhizobiales;f__Stappiaceae,d__Bacteria;p__Patescibacteria;c__Gracilibacteria;o__Absconditabacteriales_(SR1);f__Absconditabacteriales_(SR1),d__Bacteria;p__Proteobacteria;c__Alphaproteobacteria;o__Rhizobiales;f__Hyphomicrobiaceae,d__Bacteria;p__Proteobacteria;c__Gammaproteobacteria;o__Tenderiales;f__Tenderiaceae,d__Bacteria;p__Campilobacterota;c__Campylobacteria;o__Campylobacterales;f__Sulfurospirillaceae,d__Bacteria;p__Patescibacteria;c__Gracilibacteria;o__JGI_0000069-P22;f__JGI_0000069-P22,d__Bacteria;p__Chloroflexi;c__Anaerolineae;o__SBR1031;f__SBR1031,d__Bacteria;p__Proteobacteria;c__Gammaproteobacteria;o__Burkholderiales;f__Comamonadaceae,d__Bacteria;p__Planctomycetota;c__Planctomycetes;o__Pirellulales;f__Pirellulaceae,d__Bacteria;p__Proteobacteria;c__Alphaproteobacteria;o__Caulobacterales;f__Parvularculaceae,d__Bacteria;p__Proteobacteria;c__Gammaproteobacteria;o__Alteromonadales;f__Colwelliaceae,d__Bacteria;p__Proteobacteria;__;__;__,d__Bacteria;p__Deferribacterota;c__Deferribacteres;o__Deferribacterales;f__Deferribacteraceae,d__Bacteria;p__Verrucomicrobiota;c__Lentisphaeria;o__Lentisphaerales;f__Lentisphaeraceae,d__Bacteria;p__Planctomycetota;c__BD7-11;o__BD7-11;f__BD7-11,d__Bacteria;p__Firmicutes;c__Clostridia;o__Peptostreptococcales-Tissierellales;f__Fusibacteraceae,d__Bacteria;p__Bacteroidota;c__Bacteroidia;o__Flavobacteriales;f__Cryomorphaceae,d__Bacteria;p__Desulfobacterota;c__Desulfobacteria;o__Desulfobacterales;f__Desulfolunaceae,d__Bacteria;p__Cyanobacteria;c__Cyanobacteriia;o__Cyanobacteriales;f__Phormidiaceae,d__Bacteria;p__Proteobacteria;c__Alphaproteobacteria;o__Rickettsiales;f__AB1,d__Bacteria;p__Proteobacteria;c__Alphaproteobacteria;o__Kordiimonadales;f__Kordiimonadaceae,d__Bacteria;p__Spirochaetota;c__Leptospirae;o__Leptospirales;f__Leptospiraceae,d__Bacteria;p__Proteobacteria;c__Alphaproteobacteria;o__Micavibrionales;f__uncultured,d__Bacteria;p__Desulfobacterota;c__Desulfovibrionia;o__Desulfovibrionales;f__Desulfovibrionaceae,d__Bacteria;p__Proteobacteria;c__Alphaproteobacteria;o__Parvibaculales;f__PS1_clade,d__Bacteria;p__Proteobacteria;c__Alphaproteobacteria;o__Rhodospirillales;f__Rhodospirillaceae,d__Bacteria;p__Planctomycetota;c__Planctomycetes;o__Planctomycetales;f__Rubinisphaeraceae,d__Bacteria;p__Proteobacteria;c__Gammaproteobacteria;o__Alteromonadales;f__Alteromonadaceae,d__Bacteria;p__Proteobacteria;c__Alphaproteobacteria;o__Sneathiellales;f__Sneathiellaceae,d__Bacteria;p__Proteobacteria;c__Gammaproteobacteria;o__Oceanospirillales;f__Pseudohongiellaceae,d__Bacteria;p__Bacteroidota;c__Bacteroidia;o__Bacteroidales;f__Prolixibacteraceae,d__Bacteria;p__Proteobacteria;c__Alphaproteobacteria;o__Rhodospirillales;f__uncultured,d__Bacteria;p__Proteobacteria;c__Alphaproteobacteria;o__Kiloniellales;f__Kiloniellaceae,d__Bacteria;p__Cyanobacteria;c__Cyanobacteriia;o__Cyanobacteriales;f__Xenococcaceae,d__Bacteria;p__Myxococcota;c__Myxococcia;o__Myxococcales;f__Myxococcaceae,d__Bacteria;p__Actinobacteriota;c__Actinobacteria;o__Euzebyales;f__Euzebyaceae,d__Bacteria;p__Desulfobacterota;c__Desulfuromonadia;o__PB19;f__PB19,d__Bacteria;p__Proteobacteria;c__Gammaproteobacteria;o__Xanthomonadales;f__Rhodanobacteraceae,d__Bacteria;p__Proteobacteria;c__Gammaproteobacteria;o__Ga0077536;f__Ga0077536,d__Bacteria;p__Proteobacteria;c__Gammaproteobacteria;o__Salinisphaerales;f__Solimonadaceae,d__Bacteria;p__Proteobacteria;c__Gammaproteobacteria;o__uncultured;f__uncultured,d__Bacteria;p__Proteobacteria;c__Alphaproteobacteria;o__Rhizobiales;f__Devosiaceae,d__Bacteria;p__Bacteroidota;c__Bacteroidia;__;__,d__Bacteria;p__Planctomycetota;c__Planctomycetes;o__Planctomycetales;__,d__Bacteria;p__Verrucomicrobiota;c__Chlamydiae;o__Chlamydiales;f__Simkaniaceae,d__Bacteria;p__Verrucomicrobiota;c__Verrucomicrobiae;o__Opitutales;f__Puniceicoccaceae,d__Bacteria;p__Chloroflexi;c__Anaerolineae;o__Ardenticatenales;f__uncultured,d__Bacteria;p__Desulfobacterota;c__Desulfuromonadia;o__Bradymonadales;f__Bradymonadales,d__Bacteria;p__Cyanobacteria;c__Cyanobacteriia;o__Phormidesmiales;f__Phormidesmiaceae,d__Bacteria;p__Proteobacteria;c__Gammaproteobacteria;o__Aeromonadales;f__Aeromonadaceae,d__Bacteria;p__Fibrobacterota;c__Fibrobacteria;o__Fibrobacterales;f__Fibrobacterales,d__Bacteria;p__Proteobacteria;c__Gammaproteobacteria;o__Pseudomonadales;f__Moraxellaceae,d__Bacteria;p__Proteobacteria;c__Alphaproteobacteria;o__Caulobacterales;f__Caulobacteraceae,d__Bacteria;p__Acidobacteriota;__;__;__,d__Bacteria;p__Proteobacteria;c__Gammaproteobacteria;o__Oceanospirillales;f__Halomonadaceae,d__Bacteria;p__Proteobacteria;c__Alphaproteobacteria;o__Parvibaculales;__,d__Bacteria;p__Desulfobacterota;c__Desulfobacteria;o__Desulfobacterales;f__Desulfosarcinaceae,d__Bacteria;p__Desulfobacterota;c__Desulfobacteria;o__Desulfobacterales;f__Desulfobacteraceae,d__Bacteria;p__Actinobacteriota;c__Actinobacteria;o__Kineosporiales;f__Kineosporiaceae,d__Bacteria;p__Proteobacteria;c__Alphaproteobacteria;o__NRL2;f__NRL2,d__Bacteria;p__Proteobacteria;c__Alphaproteobacteria;o__Micavibrionales;__,d__Bacteria;p__Bacteroidota;c__Bacteroidia;o__Bacteroidales;f__Marinifilaceae,d__Bacteria;p__Bacteroidota;c__Bacteroidia;o__Cytophagales;f__Microscillaceae,d__Bacteria;p__Deinococcota;c__Deinococci;o__Deinococcales;f__Deinococcaceae,d__Bacteria;p__Bacteroidota;c__Bacteroidia;o__Flavobacteriales;f__NS9_marine_group,d__Bacteria;p__Firmicutes;c__Clostridia;o__Clostridia_vadinBB60_group;f__Clostridia_vadinBB60_group,d__Bacteria;p__Bacteroidota;c__Bacteroidia;o__Cytophagales;__,d__Bacteria;p__Actinobacteriota;c__Acidimicrobiia;o__Microtrichales;f__Ilumatobacteraceae,d__Bacteria;p__Bacteroidota;c__Bacteroidia;o__Cytophagales;f__Bernardetiaceae,d__Bacteria;p__Bacteroidota;c__Bacteroidia;o__Bacteroidales;f__Tannerellaceae,d__Bacteria;p__Firmicutes;c__Bacilli;o__Bacillales;f__Planococcaceae,d__Bacteria;p__Desulfobacterota;c__Desulfobulbia;o__Desulfobulbales;f__Desulfocapsaceae,d__Bacteria;p__Verrucomicrobiota;c__Lentisphaeria;o__P.palmC41;f__P.palmC41,d__Bacteria;p__Proteobacteria;c__Alphaproteobacteria;o__Thalassobaculales;f__uncultured,d__Bacteria;p__Verrucomicrobiota;c__Verrucomicrobiae;o__Methylacidiphilales;f__Methylacidiphilaceae,d__Bacteria;p__Proteobacteria;c__Alphaproteobacteria;o__Rhizobiales;f__Rhodobiaceae,d__Bacteria;p__Bacteroidota;c__Bacteroidia;o__Flavobacteriales;f__Weeksellaceae,d__Bacteria;p__Bacteroidota;c__Bacteroidia;o__Bacteroidales;f__Marinilabiliaceae,d__Bacteria;p__Planctomycetota;c__Planctomycetes;o__Planctomycetales;f__Gimesiaceae,d__Bacteria;p__Proteobacteria;c__Gammaproteobacteria;o__Cardiobacteriales;f__Cardiobacteriaceae,d__Bacteria;p__Myxococcota;c__Polyangia;o__Nannocystales;f__Nannocystaceae,d__Bacteria;p__Bacteroidota;c__Chlorobia;o__Chlorobiales;f__Chlorobiaceae,d__Bacteria;p__Firmicutes;c__Bacilli;o__Exiguobacterales;f__Exiguobacteraceae,d__Bacteria;p__Patescibacteria;c__Parcubacteria;o__Candidatus_Kaiserbacteria;f__Candidatus_Kaiserbacteria,d__Bacteria;p__Patescibacteria;c__Parcubacteria;o__Candidatus_Moranbacteria;f__Candidatus_Moranbacteria,d__Bacteria;p__Myxococcota;c__Polyangia;o__UASB-TL25;f__UASB-TL25,d__Bacteria;p__Actinobacteriota;c__Thermoleophilia;o__Gaiellales;f__uncultured,d__Bacteria;p__Firmicutes;c__Clostridia;o__Oscillospirales;f__Oscillospiraceae,d__Bacteria;p__Verrucomicrobiota;c__Verrucomicrobiae;o__Opitutales;f__Opitutaceae,d__Bacteria;p__Proteobacteria;c__Gammaproteobacteria;o__Steroidobacterales;f__Woeseiaceae,d__Bacteria;p__Proteobacteria;c__Gammaproteobacteria;o__Nitrosococcales;f__Nitrosococcaceae,d__Archaea;p__Nanoarchaeota;c__Nanoarchaeia;o__Woesearchaeales;f__SCGC_AAA286-E23,d__Bacteria;p__SAR324_clade(Marine_group_B);c__SAR324_clade(Marine_group_B);o__SAR324_clade(Marine_group_B);f__SAR324_clade(Marine_group_B),d__Bacteria;p__Proteobacteria;c__Alphaproteobacteria;o__Rhizobiales;f__Methyloligellaceae,d__Bacteria;p__Proteobacteria;c__Gammaproteobacteria;o__Francisellales;f__Francisellaceae,d__Bacteria;p__Planctomycetota;c__Phycisphaerae;o__CCM11a;f__CCM11a,d__Bacteria;p__Cyanobacteria;c__Cyanobacteriia;o__Limnotrichales;f__Limnotrichaceae,d__Bacteria;p__Proteobacteria;c__Gammaproteobacteria;o__Pasteurellales;f__Pasteurellaceae,d__Bacteria;p__Proteobacteria;c__Alphaproteobacteria;o__Tistrellales;f__Geminicoccaceae,d__Bacteria;p__Sumerlaeota;c__Sumerlaeia;o__Sumerlaeales;f__Sumerlaeaceae,d__Bacteria;p__Bacteroidota;c__Rhodothermia;o__Rhodothermales;f__Rhodothermaceae,d__Bacteria;p__Proteobacteria;c__Alphaproteobacteria;o__Rhizobiales;f__Beijerinckiaceae,d__Bacteria;p__Cyanobacteria;c__Cyanobacteriia;o__Cyanobacteriales;f__Cyanobacteriaceae,d__Bacteria;p__Proteobacteria;c__Gammaproteobacteria;o__UBA4486;f__UBA4486,d__Bacteria;p__Campilobacterota;c__Campylobacteria;o__Campylobacterales;f__Sulfurimonadaceae,d__Bacteria;p__Proteobacteria;c__Gammaproteobacteria;o__KI89A_clade;f__KI89A_clade,d__Bacteria;p__Proteobacteria;c__Alphaproteobacteria;o__Rickettsiales;__,d__Bacteria;p__Proteobacteria;c__Gammaproteobacteria;o__Oceanospirillales;f__Alcanivoracaceae1,d__Bacteria;p__Actinobacteriota;c__Actinobacteria;o__Streptomycetales;f__Streptomycetaceae,d__Bacteria;p__Bdellovibrionota;c__Oligoflexia;o__Silvanigrellales;f__Silvanigrellaceae,d__Bacteria;p__Proteobacteria;c__Gammaproteobacteria;o__Burkholderiales;f__Nitrosomonadaceae,d__Bacteria;p__Firmicutes;__;__;__,d__Bacteria;p__Patescibacteria;c__Parcubacteria;o__Candidatus_Campbellbacteria;f__Candidatus_Campbellbacteria,d__Bacteria;p__Cyanobacteria;c__Cyanobacteriia;o__Cyanobacteriales;f__Desertifilaceae,d__Bacteria;p__Spirochaetota;c__Spirochaetia;o__Spirochaetales;f__Spirochaetaceae,d__Bacteria;p__Cyanobacteria;c__Vampirivibrionia;o__Vampirovibrionales;f__Vampirovibrionales,d__Bacteria;p__Cyanobacteria;c__Cyanobacteriia;o__Cyanobacteriales;f__Geitlerinemaceae,d__Bacteria;p__Desulfobacterota;c__Desulfuromonadia;o__Bradymonadales;__,d__Bacteria;p__Planctomycetota;c__Phycisphaerae;o__S-70;f__S-70,d__Bacteria;p__Proteobacteria;c__Gammaproteobacteria;o__Burkholderiales;f__Burkholderiaceae,d__Bacteria;p__Patescibacteria;c__Gracilibacteria;o__Candidatus_Peregrinibacteria;f__Candidatus_Peregrinibacteria,d__Bacteria;p__Proteobacteria;c__Gammaproteobacteria;o__Thiotrichales;f__Thiotrichaceae,d__Bacteria;p__Chloroflexi;c__Anaerolineae;o__Anaerolineales;f__Anaerolineaceae,d__Bacteria;p__Proteobacteria;c__Gammaproteobacteria;o__HOC36;f__HOC36,d__Bacteria;p__Proteobacteria;c__Gammaproteobacteria;o__Pseudomonadales;f__Pseudomonadaceae,d__Bacteria;p__Proteobacteria;c__Alphaproteobacteria;o__Rickettsiales;f__Rickettsiales,d__Bacteria;p__Proteobacteria;c__Alphaproteobacteria;o__Parvibaculales;f__Parvibaculaceae,d__Bacteria;p__Proteobacteria;c__Alphaproteobacteria;o__Thalassobaculales;f__Thalassobaculaceae,d__Bacteria;p__Calditrichota;c__Calditrichia;o__Calditrichales;f__Calditrichaceae,d__Bacteria;p__Cyanobacteria;c__Vampirivibrionia;o__Caenarcaniphilales;f__Caenarcaniphilales,d__Bacteria;p__Proteobacteria;c__Alphaproteobacteria;o__Rhizobiales;__,d__Bacteria;p__Campilobacterota;c__Campylobacteria;o__Campylobacterales;f__Rs-M59_termite_group,d__Bacteria;p__Myxococcota;c__Polyangia;o__Polyangiales;f__Eel-36e1D6,d__Bacteria;p__Patescibacteria;c__Saccharimonadia;o__Saccharimonadales;f__Saccharimonadales,d__Bacteria;p__Bdellovibrionota;c__Oligoflexia;o__Oligoflexales;f__Oligoflexales,d__Bacteria;p__Proteobacteria;c__Gammaproteobacteria;o__Ectothiorhodospirales;f__Thioalkalispiraceae,d__Bacteria;p__Proteobacteria;c__Gammaproteobacteria;o__Alteromonadales;f__Shewanellaceae,d__Bacteria;p__Bacteroidota;c__Bacteroidia;o__Sphingobacteriales;f__Sphingobacteriaceae,d__Bacteria;p__Proteobacteria;c__Gammaproteobacteria;o__Oceanospirillales;f__Oceanospirillaceae,d__Bacteria;p__Cyanobacteria;c__Cyanobacteriia;o__Cyanobacteriales;f__uncultured,d__Bacteria;p__Proteobacteria;c__Alphaproteobacteria;o__Kordiimonadales;f__uncultured,d__Bacteria;p__Verrucomicrobiota;c__Kiritimatiellae;o__WCHB1-41;f__WCHB1-41,d__Bacteria;p__Proteobacteria;c__Gammaproteobacteria;o__Alteromonadales;f__Moritellaceae,d__Bacteria;p__Actinobacteriota;c__Actinobacteria;o__Micrococcales;f__Microbacteriaceae,d__Bacteria;p__Latescibacterota;c__Latescibacterota;o__Latescibacterota;f__Latescibacterota,d__Bacteria;p__Proteobacteria;c__Alphaproteobacteria;o__Alphaproteobacteria_Incertae_Sedis;f__Unknown_Family,d__Bacteria;p__Desulfobacterota;c__Desulfuromonadia;__;__,d__Bacteria;p__Proteobacteria;c__Gammaproteobacteria;o__SZB50;f__SZB50,d__Bacteria;p__Actinobacteriota;c__Acidimicrobiia;o__Actinomarinales;f__uncultured,d__Bacteria;p__Planctomycetota;c__Planctomycetes;o__Gemmatales;f__Gemmataceae,d__Bacteria;p__Proteobacteria;c__Alphaproteobacteria;o__Rhodospirillales;f__Magnetospiraceae,d__Bacteria;p__Proteobacteria;c__Alphaproteobacteria;o__Rhodospirillales;f__Thalassospiraceae,d__Bacteria;p__Verrucomicrobiota;c__Chlamydiae;o__Chlamydiales;__,d__Bacteria;p__Desulfobacterota;c__Desulfobacteria;o__Desulfobacterales;f__uncultured,d__Bacteria;p__Proteobacteria;c__Gammaproteobacteria;o__Salinisphaerales;f__Salinisphaeraceae,d__Bacteria;p__Bacteroidota;c__Bacteroidia;o__Bacteroidales;f__Bacteroidaceae,d__Bacteria;p__Myxococcota;__;__;__,d__Bacteria;p__Planctomycetota;c__028H05-P-BN-P5;o__028H05-P-BN-P5;f__028H05-P-BN-P5,d__Bacteria;p__Acidobacteriota;c__Acidobacteriae;o__PAUC26f;f__PAUC26f,d__Bacteria;p__Verrucomicrobiota;c__Verrucomicrobiae;o__Chthoniobacterales;f__Xiphinematobacteraceae,d__Bacteria;p__Myxococcota;c__Polyangia;o__Haliangiales;f__Haliangiaceae,d__Bacteria;p__Bacteroidota;c__Bacteroidia;o__Chitinophagales;f__37-13,d__Bacteria;p__Gemmatimonadota;c__BD2-11_terrestrial_group;o__BD2-11_terrestrial_group;f__BD2-11_terrestrial_group,d__Bacteria;p__Proteobacteria;c__Alphaproteobacteria;o__Kiloniellales;f__Fodinicurvataceae,d__Bacteria;p__Dependentiae;c__Babeliae;o__Babeliales;f__Babeliaceae,d__Bacteria;p__Proteobacteria;c__Gammaproteobacteria;o__Burkholderiales;f__Oxalobacteraceae,d__Bacteria;p__Bacteroidota;c__Ignavibacteria;o__Ignavibacteriales;f__Melioribacteraceae,d__Bacteria;p__Cyanobacteria;c__Cyanobacteriia;o__Thermosynechococcales;f__Acaryochloridaceae,d__Bacteria;p__Cyanobacteria;c__Cyanobacteriia;o__Cyanobacteriales;f__Paraspirulinaceae,d__Bacteria;p__Proteobacteria;c__Gammaproteobacteria;o__Xanthomonadales;f__Xanthomonadaceae,d__Bacteria;p__Bacteroidota;c__Bacteroidia;o__Flavobacteriales;__,d__Bacteria;p__Myxococcota;c__bacteriap25;o__bacteriap25;f__bacteriap25,d__Bacteria;p__Bacteroidota;c__Bacteroidia;o__Bacteroidales;f__Paludibacteraceae,d__Bacteria;p__Proteobacteria;c__Gammaproteobacteria;o__UBA10353_marine_group;f__UBA10353_marine_group,d__Bacteria;p__Campilobacterota;c__Campylobacteria;o__Campylobacterales;__,d__Bacteria;p__Deinococcota;c__Deinococci;o__Deinococcales;f__Trueperaceae,d__Bacteria;p__Proteobacteria;c__Gammaproteobacteria;o__Chromatiales;f__Sedimenticolaceae,d__Bacteria;p__Cyanobacteria;c__Sericytochromatia;o__Sericytochromatia;f__Sericytochromatia,d__Bacteria;p__Desulfobacterota;c__Desulfobulbia;o__Desulfobulbales;f__Desulfobulbaceae,d__Bacteria;p__Proteobacteria;c__Alphaproteobacteria;o__Thalassobaculales;__,d__Bacteria;p__WPS-2;c__WPS-2;o__WPS-2;f__WPS-2,d__Bacteria;p__MBNT15;c__MBNT15;o__MBNT15;f__MBNT15,d__Bacteria;p__Firmicutes;c__Bacilli;o__Erysipelotrichales;f__Erysipelatoclostridiaceae,d__Bacteria;p__Bacteroidota;c__Bacteroidia;o__Bacteroidales;f__Dysgonomonadaceae,d__Bacteria;p__Actinobacteriota;c__Actinobacteria;o__Corynebacteriales;f__Dietziaceae,d__Bacteria;p__Proteobacteria;c__Alphaproteobacteria;o__Parvibaculales;f__uncultured,d__Bacteria;p__Actinobacteriota;c__Thermoleophilia;o__Solirubrobacterales;f__Solirubrobacteraceae,d__Bacteria;p__Proteobacteria;c__Gammaproteobacteria;o__Oceanospirillales;f__Marinomonadaceae,d__Bacteria;p__Bacteroidota;c__Bacteroidia;o__Cytophagales;f__Amoebophilaceae,d__Bacteria;p__Chloroflexi;c__Chloroflexia;o__Thermomicrobiales;f__JG30-KF-CM45,d__Bacteria;p__Planctomycetota;c__Pla3_lineage;o__Pla3_lineage;f__Pla3_lineage,d__Bacteria;p__Firmicutes;c__Bacilli;o__Lactobacillales;f__Lactobacillaceae,d__Bacteria;p__Nitrospirota;c__Nitrospiria;o__Nitrospirales;f__Nitrospiraceae,d__Bacteria;p__Hydrogenedentes;c__Hydrogenedentia;o__Hydrogenedentiales;f__Hydrogenedensaceae,d__Bacteria;p__Proteobacteria;c__Alphaproteobacteria;o__Defluviicoccales;f__uncultured,d__Archaea;p__Halobacterota;c__Halobacteria;o__Halobacterales;f__Haloferacaceae,d__Bacteria;p__Actinobacteriota;c__Actinobacteria;o__Bifidobacteriales;f__Bifidobacteriaceae,d__Bacteria;p__Actinobacteriota;c__Actinobacteria;o__Propionibacteriales;f__Propionibacteriaceae,d__Bacteria;p__Proteobacteria;c__Gammaproteobacteria;o__Oceanospirillales;f__Kangiellaceae,d__Bacteria;p__Acidobacteriota;c__Aminicenantia;o__Aminicenantales;f__Aminicenantales,d__Bacteria;p__Planctomycetota;c__Phycisphaerae;o__mle1-8;f__mle1-8,d__Bacteria;p__Deinococcota;c__Deinococci;o__Thermales;f__Thermaceae,d__Bacteria;p__Planctomycetota;c__Planctomycetes;o__uncultured;f__uncultured,d__Bacteria;p__Desulfobacterota;c__Desulfuromonadia;o__Desulfuromonadia;f__Geopsychrobacteraceae,d__Bacteria;p__Bacteroidota;c__Bacteroidia;o__Bacteroidales;f__Rikenellaceae,d__Bacteria;p__Firmicutes;c__Clostridia;o__Clostridiales;f__Clostridiaceae,d__Bacteria;p__Cyanobacteria;c__Cyanobacteriia;o__Cyanobacteriales;__,d__Archaea;p__Nanoarchaeota;c__Nanoarchaeia;o__Woesearchaeales;f__SCGC_AAA011-D5,d__Bacteria;p__Firmicutes;c__Clostridia;o__Peptostreptococcales-Tissierellales;f__Peptostreptococcaceae,d__Bacteria;p__Firmicutes;c__Bacilli;o__Staphylococcales;f__Staphylococcaceae,d__Bacteria;p__Proteobacteria;c__Gammaproteobacteria;o__Oceanospirillales;f__P13-46,d__Bacteria;p__Proteobacteria;c__Gammaproteobacteria;o__SS1-B-07-19;f__SS1-B-07-19,d__Bacteria;p__Cyanobacteria;c__Vampirivibrionia;o__Gastranaerophilales;f__Gastranaerophilales,d__Bacteria;p__Proteobacteria;c__Gammaproteobacteria;o__Alteromonadales;f__Idiomarinaceae,d__Bacteria;p__Bacteroidota;c__Bacteroidia;o__Sphingobacteriales;f__E6aC02,d__Bacteria;p__Actinobacteriota;c__Coriobacteriia;o__Coriobacteriales;f__Coriobacteriaceae,d__Bacteria;p__Desulfobacterota;c__uncultured;o__uncultured;f__uncultured,d__Bacteria;p__Bacteroidota;c__Bacteroidia;o__Bacteroidales;f__uncultured,d__Bacteria;p__Cyanobacteria;c__Cyanobacteriia;o__Cyanobacteriales;f__Oscillatoriaceae,d__Bacteria;p__Firmicutes;c__Negativicutes;o__Veillonellales-Selenomonadales;f__Veillonellaceae,d__Bacteria;p__Proteobacteria;c__Gammaproteobacteria;o__Beggiatoales;f__Beggiatoaceae,d__Bacteria;p__Proteobacteria;c__Gammaproteobacteria;o__Cellvibrionales;f__Microbulbiferaceae,d__Bacteria;p__Proteobacteria;c__Gammaproteobacteria;o__Thiohalorhabdales;f__Thiohalorhabdaceae,d__Bacteria;p__Fusobacteriota;c__Fusobacteriia;o__Fusobacteriales;f__Leptotrichiaceae,d__Bacteria;p__Cyanobacteria;c__Cyanobacteriia;o__Phormidesmiales;f__Nodosilineaceae,d__Bacteria;p__Bacteroidota;c__Bacteroidia;o__Bacteroidales;f__Prevotellaceae,d__Bacteria;p__Proteobacteria;c__Gammaproteobacteria;o__Burkholderiales;f__Methylophilaceae,d__Bacteria;p__Cyanobacteria;c__Vampirivibrionia;o__Obscuribacterales;f__Obscuribacteraceae,d__Bacteria;p__Proteobacteria;c__Gammaproteobacteria;o__Legionellales;f__Legionellaceae,d__Bacteria;p__Dependentiae;c__Babeliae;o__Babeliales;f__Babeliales,d__Bacteria;p__Proteobacteria;c__Gammaproteobacteria;o__Granulosicoccales;f__Granulosicoccaceae,d__Bacteria;p__Bacteroidota;c__Bacteroidia;o__SM1A07;f__SM1A07,d__Bacteria;p__Planctomycetota;c__Pla4_lineage;o__Pla4_lineage;f__Pla4_lineage,d__Bacteria;p__Proteobacteria;c__Gammaproteobacteria;o__Alteromonadales;f__Psychromonadaceae,d__Bacteria;p__Proteobacteria;c__Alphaproteobacteria;o__Puniceispirillales;f__EF100-94H03,d__Bacteria;p__Proteobacteria;c__Alphaproteobacteria;o__Emcibacterales;f__Emcibacteraceae,d__Bacteria;p__Proteobacteria;c__Gammaproteobacteria;o__Granulosicoccales;f__uncultured,d__Bacteria;p__Proteobacteria;c__Gammaproteobacteria;o__Piscirickettsiales;f__Piscirickettsiaceae,d__Bacteria;p__Proteobacteria;c__Gammaproteobacteria;o__Burkholderiales;__,d__Bacteria;p__Elusimicrobiota;c__Elusimicrobia;o__Elusimicrobiales;f__Elusimicrobiaceae,d__Bacteria;p__Proteobacteria;c__Gammaproteobacteria;o__CH2b56;f__CH2b56,d__Bacteria;p__Firmicutes;c__Clostridia;o__Oscillospirales;f__Ruminococcaceae,d__Bacteria;p__Proteobacteria;c__Gammaproteobacteria;o__Diplorickettsiales;f__Diplorickettsiaceae,d__Bacteria;p__Proteobacteria;c__Gammaproteobacteria;o__Alteromonadales;f__uncultured,d__Bacteria;p__Bdellovibrionota;c__Oligoflexia;o__0319-6G20;f__0319-6G20,d__Bacteria;p__Bacteroidota;c__Bacteroidia;o__Flavobacteriales;f__NS7_marine_group,d__Bacteria;p__Proteobacteria;c__Gammaproteobacteria;o__Thiomicrospirales;f__Thiomicrospiraceae,d__Bacteria;p__Cyanobacteria;c__Cyanobacteriia;o__Cyanobacteriales;f__Nostocaceae,d__Bacteria;p__Planctomycetota;__;__;__,d__Bacteria;p__Proteobacteria;c__Alphaproteobacteria;o__Thalassobaculales;f__Nisaeaceae,d__Bacteria;p__Firmicutes;c__Clostridia;o__Lachnospirales;f__Defluviitaleaceae,d__Bacteria;p__Verrucomicrobiota;c__Chlamydiae;o__Chlamydiales;f__cvE6,d__Bacteria;p__Firmicutes;c__Bacilli;o__Bacillales;f__Bacillaceae,d__Bacteria;p__Firmicutes;c__Bacilli;o__Lactobacillales;f__Carnobacteriaceae,d__Bacteria;p__Desulfobacterota;c__Desulfobacteria;o__Desulfobacterales;__,d__Bacteria;p__Synergistota;c__Synergistia;o__Synergistales;f__Synergistaceae,d__Bacteria;p__Desulfobacterota;c__Desulfuromonadia;o__Sva1033;f__Sva1033,d__Bacteria;p__Proteobacteria;c__Gammaproteobacteria;o__Alteromonadales;__,d__Bacteria;p__Firmicutes;c__Clostridia;o__Lachnospirales;f__Lachnospiraceae,d__Bacteria;p__Verrucomicrobiota;c__Chlamydiae;o__Chlamydiales;f__Parachlamydiaceae,d__Bacteria;p__Proteobacteria;c__Gammaproteobacteria;o__Milano-WF1B-44;f__Milano-WF1B-44,d__Bacteria;p__Actinobacteriota;c__Actinobacteria;o__Corynebacteriales;f__Corynebacteriaceae,d__Bacteria;p__Firmicutes;c__Clostridia;o__Peptostreptococcales-Tissierellales;f__Peptostreptococcales-Tissierellales,d__Bacteria;p__Actinobacteriota;c__Actinobacteria;o__Micrococcales;f__Micrococcaceae,d__Bacteria;p__Verrucomicrobiota;c__Verrucomicrobiae;o__Pedosphaerales;f__Pedosphaeraceae,d__Bacteria;p__Proteobacteria;c__Gammaproteobacteria;o__pItb-vmat-80;f__pItb-vmat-80,d__Bacteria;p__Acidobacteriota;c__Vicinamibacteria;o__Subgroup_9;f__Subgroup_9,d__Bacteria;p__Verrucomicrobiota;c__Lentisphaeria;o__Victivallales;f__PRD18C08,d__Bacteria;p__Campilobacterota;c__Campylobacteria;o__Campylobacterales;f__Campylobacteraceae,d__Bacteria;p__Bacteroidota;c__Bacteroidia;o__Sphingobacteriales;f__Lentimicrobiaceae,d__Bacteria;p__Actinobacteriota;c__Actinobacteria;o__Micrococcales;f__Dermacoccaceae,d__Bacteria;p__Desulfobacterota;c__Desulfuromonadia;o__Desulfuromonadia;f__Desulfuromonadaceae,d__Bacteria;p__Actinobacteriota;c__Actinobacteria;o__Corynebacteriales;f__Mycobacteriaceae,d__Bacteria;p__Proteobacteria;c__Alphaproteobacteria;o__Rhizobiales;f__Rhizobiales_Incertae_Sedis,d__Bacteria;p__Cyanobacteria;c__Cyanobacteriia;__;__,d__Bacteria;p__Patescibacteria;c__Parcubacteria;__;__,d__Bacteria;p__Proteobacteria;c__Gammaproteobacteria;o__Ectothiorhodospirales;f__Ectothiorhodospiraceae,d__Bacteria;p__Proteobacteria;c__Alphaproteobacteria;o__Rhizobiales;f__Kaistiaceae,d__Bacteria;p__Cyanobacteria;c__Cyanobacteriia;o__Synechococcales;f__Synechococcales_Incertae_Sedis,d__Bacteria;p__Acidobacteriota;c__Subgroup_26;o__Subgroup_26;f__Subgroup_26,d__Bacteria;p__Desulfobacterota;__;__;__,d__Bacteria;p__Campilobacterota;c__Campylobacteria;o__Campylobacterales;f__Sulfurovaceae,d__Bacteria;p__Margulisbacteria;c__Margulisbacteria;o__Margulisbacteria;f__Margulisbacteria,d__Bacteria;p__Planctomycetota;c__Planctomycetes;o__Planctomycetales;f__uncultured,d__Bacteria;p__Actinobacteriota;c__Actinobacteria;__;__,d__Bacteria;p__Acidobacteriota;c__Holophagae;o__Holophagales;f__Holophagaceae,d__Bacteria;p__Actinobacteriota;c__Acidimicrobiia;o__Microtrichales;f__uncultured,d__Bacteria;p__Bacteroidota;c__Bacteroidia;o__Bacteroidales;__,d__Bacteria;p__Dadabacteria;c__Dadabacteriia;o__Dadabacteriales;f__Dadabacteriales,d__Bacteria;p__Myxococcota;c__Polyangia;o__Polyangiales;f__BIrii41,d__Bacteria;p__Firmicutes;c__Negativicutes;o__Veillonellales-Selenomonadales;f__Sporomusaceae,d__Bacteria;p__Proteobacteria;c__Gammaproteobacteria;o__Burkholderiales;f__Alcaligenaceae,d__Bacteria;p__Actinobacteriota;c__Acidimicrobiia;o__Microtrichales;f__Iamiaceae,d__Bacteria;p__Proteobacteria;c__Alphaproteobacteria;o__Kiloniellales;__,d__Bacteria;p__Verrucomicrobiota;c__Omnitrophia;o__Omnitrophales;__,d__Bacteria;p__Spirochaetota;c__MVP-15;o__MVP-15;f__MVP-15,d__Bacteria;p__Proteobacteria;c__Gammaproteobacteria;o__Run-SP154;f__Run-SP154,d__Bacteria;p__Actinobacteriota;__;__;__,d__Bacteria;p__Bacteroidota;c__Bacteroidia;o__Cytophagales;f__Spirosomaceae,d__Bacteria;p__Bdellovibrionota;c__Oligoflexia;o__053A03-B-DI-P58;f__053A03-B-DI-P58
KF0052,0,0,21614,554,0,0,1923,0,0,0,1031,0,16,0,0,29,0,106,25,409,0,56,0,0,4,0,0,0,0,0,3,0,0,0,0,0,0,0,0,2973,0,0,0,0,1594,0,0,0,0,0,0,0,0,0,0,0,0,0,3548,0,0,0,0,11745,462,1175,0,0,212,0,5895,716,0,12,0,0,0,0,3,323,0,0,0,0,0,0,0,0,0,0,0,0,0,0,0,0,0,0,19900,119,10,0,0,0,0,0,0,0,0,0,0,0,4,0,0,0,0,0,0,0,0,0,0,0,0,1795,0,0,0,0,531,0,0,0,0,0,0,0,0,0,0,0,0,0,0,0,0,0,0,671,0,0,0,0,0,0,0,0,0,60,0,0,0,0,0,0,0,0,0,0,0,0,0,0,0,0,0,0,25,0,0,0,0,0,0,0,0,0,0,0,37,0,0,0,0,0,0,241,123,0,0,0,0,0,0,0,0,0,0,0,0,81,0,0,0,0,0,0,0,0,0,183,6,0,0,0,0,0,0,0,0,0,0,0,0,0,0,0,0,0,0,0,0,0,0,0,0,0,0,0,0,0,0,0,0,0,161,0,0,0,0,0,0,0,0,0,0,0,0,0,0,0,0,0,0,0,0,0,0,0,0,0,0,0,0,0,0,0,0,0,0,0,0,0,0,0,0,14,0,0,0,0,0,0,0,0,0,0,0,0,159,0,0,0,0,0,0,0,0,0,0,0,0,0,0,0,0,0,0,0,0,0,0,0,0,0,0,0,0,0,0,0,0,0,14,0,0,0,0,0,0,0,0,0,0,0,0,0,0,0,0,0,0,0,0,0,0,0,0,0,0
KF0053,0,0,646,0,0,0,4860,0,0,0,1291,0,0,0,0,0,0,1929,825,0,3495,0,0,0,0,0,0,0,10,0,0,0,0,0,0,0,0,0,0,0,0,0,0,0,2836,0,0,0,0,0,0,0,0,0,0,0,0,56,0,366,0,1615,0,5578,461,0,0,0,0,0,3255,4301,0,0,0,0,0,0,0,0,0,0,0,0,0,0,0,2761,0,0,0,0,0,0,0,0,0,1572,1995,105,0,0,0,0,0,0,0,4,0,0,0,0,49,0,0,0,0,0,0,0,0,0,0,0,0,0,0,0,0,0,0,0,0,0,0,0,0,0,0,0,0,0,0,0,0,0,0,0,0,0,0,0,0,0,0,0,0,0,0,0,0,0,0,0,5309,0,0,0,0,0,0,0,0,0,0,0,0,0,12190,0,0,0,0,0,0,0,0,0,0,0,0,0,0,0,0,0,0,433,0,0,0,0,0,0,0,0,0,0,0,0,0,16,0,0,0,0,0,0,0,0,0,1964,3995,0,0,0,0,0,0,0,0,0,0,130,0,0,0,0,0,0,0,0,0,0,0,0,0,0,0,0,0,0,0,0,0,0,192,0,0,0,0,0,0,0,0,0,0,0,0,0,0,0,0,0,0,0,0,0,0,0,0,0,0,0,0,0,0,0,0,0,0,0,0,0,0,0,0,0,0,0,0,0,0,0,0,0,0,0,0,0,0,0,0,0,0,0,0,0,0,0,0,0,0,2,0,0,0,0,0,0,0,0,0,0,0,0,0,0,0,0,0,0,0,0,0,0,0,0,0,0,0,0,0,0,0,0,0,0,0,0,0,0,0,0,0,0,0,0,0,0,0
KF0054,0,0,19995,0,0,0,167,0,0,0,343,0,0,0,0,0,0,32,13,248,4,0,0,0,0,0,0,0,0,0,0,0,0,0,0,0,0,0,0,2441,0,0,0,0,1226,0,0,0,0,0,0,0,0,0,0,0,0,0,4383,44,0,193,0,5639,908,1165,0,0,25,0,1456,53,0,0,0,0,0,0,0,0,0,0,0,0,0,0,0,0,0,0,0,0,0,0,0,0,0,2,10256,145,147,0,0,0,0,0,0,0,0,0,155,0,52,0,0,0,0,0,0,0,0,0,0,0,0,0,0,0,0,0,0,0,0,0,0,0,0,0,2,0,0,0,0,0,0,0,0,0,0,466,0,0,0,0,0,0,0,0,0,0,0,0,0,0,0,0,0,0,0,0,0,0,0,0,0,0,0,0,24347,0,0,0,0,0,0,0,0,0,0,0,0,0,0,0,0,0,0,334,0,0,0,0,0,0,0,0,0,0,0,0,0,0,0,0,0,0,0,0,0,0,0,274,684,0,0,0,0,0,0,0,0,0,0,0,0,0,0,0,0,0,0,0,0,0,0,0,0,0,0,0,0,0,0,0,0,0,57,0,0,0,0,0,0,0,0,27,0,0,0,0,0,0,0,0,0,0,0,0,0,0,0,0,0,0,0,0,0,0,0,0,0,0,0,0,0,0,0,0,0,0,0,0,0,0,0,0,0,0,0,0,0,0,0,0,0,0,0,0,0,0,1083,0,0,0,0,0,0,0,0,0,0,0,0,0,0,0,0,0,0,0,0,0,0,0,0,0,0,0,0,0,0,0,0,0,0,0,0,0,0,0,0,0,0,0,0,0,0,0,0,0,0
KF0060,0,0,20238,0,0,0,16609,0,0,0,996,0,4,0,0,191,0,873,0,0,0,4,0,0,0,0,0,0,0,0,0,0,0,0,227,0,0,0,0,1234,0,0,0,0,202,0,0,0,0,0,0,0,0,0,0,0,0,0,4659,27,0,0,0,21674,730,801,0,1351,540,0,3845,0,0,26,0,0,0,0,0,112,0,0,0,0,0,0,0,0,0,0,0,0,0,0,0,0,0,161,4,0,66,0,0,0,0,0,0,0,0,0,894,0,39,0,0,0,0,0,4,0,0,0,0,2,0,0,0,0,0,0,0,0,0,0,0,0,0,0,0,0,0,0,0,0,0,0,0,0,0,290,0,0,0,0,0,0,0,0,0,0,0,0,0,0,0,0,0,0,0,0,0,0,0,0,0,0,0,0,15040,0,0,0,0,0,0,0,0,0,0,0,136,0,0,0,0,0,0,0,0,0,0,0,0,0,0,0,0,0,0,0,0,0,0,0,0,0,0,0,0,0,0,0,0,0,0,254,0,0,0,0,0,0,0,0,0,0,0,0,0,0,0,0,0,0,0,0,0,0,0,0,0,0,0,0,0,0,681,0,0,0,0,0,0,0,9,0,0,0,0,0,0,0,0,0,0,0,0,0,0,0,0,0,0,0,0,0,0,0,0,0,0,0,0,0,0,0,0,0,0,0,0,0,0,0,0,0,0,0,0,0,0,0,0,0,0,0,0,0,0,0,0,0,0,0,0,0,0,0,0,0,0,0,0,0,0,0,0,0,0,0,0,0,0,0,0,0,0,0,0,0,0,0,0,0,0,0,0,0,0,0,0,0,0,0,0,0,0,0,0,0,0
KF0070,0,0,31852,0,0,0,1112,0,0,0,871,0,0,0,0,689,0,0,0,0,0,0,0,0,0,0,0,0,0,0,0,0,0,0,0,0,8,0,0,5131,0,0,0,0,0,0,0,0,0,0,0,0,0,0,0,0,0,0,9972,117,0,0,0,1764,935,2916,0,0,0,0,4126,0,0,0,0,0,0,0,0,0,42,0,0,0,0,0,0,0,0,0,0,11,0,0,0,0,0,0,12657,0,258,0,0,0,0,0,0,0,0,0,870,0,159,0,0,0,0,0,0,0,0,0,0,0,0,0,0,0,0,0,0,0,0,0,0,0,0,0,0,0,0,0,0,0,0,0,0,0,0,0,0,0,0,0,0,0,0,0,0,0,0,0,0,0,2131,0,0,0,0,0,0,0,0,0,0,0,0,0,8611,0,0,0,0,0,0,0,0,0,0,0,8858,0,0,0,0,0,0,0,0,0,0,0,0,0,0,0,0,0,0,0,0,0,0,0,0,0,0,0,0,0,0,568,2796,0,0,3,0,0,0,0,0,0,0,0,0,0,0,0,0,0,0,0,0,0,0,0,0,0,0,0,0,0,0,0,0,0,550,0,0,0,0,0,0,0,0,0,0,0,0,0,0,0,0,0,0,0,0,0,0,0,0,0,0,0,0,0,0,0,0,0,0,0,0,0,0,0,0,0,0,0,0,0,0,0,0,0,0,0,0,0,0,0,0,0,0,0,0,0,0,0,0,0,0,0,0,0,0,0,0,0,0,0,0,0,0,0,0,0,0,0,0,0,0,0,0,0,0,0,0,0,0,0,0,0,0,0,0,0,0,0,0,0,0,0,0,0,0,0,0,0,0
KF0077,11,0,14424,0,0,0,38470,0,0,0,431,0,0,0,0,0,0,964,0,191,0,41,0,0,9,0,0,0,0,0,0,0,0,0,0,0,0,0,0,2975,0,0,0,0,474,0,0,0,0,0,0,0,0,0,0,0,0,0,0,23,0,0,0,9970,226,368,0,139,574,0,476,985,0,12,0,0,0,0,0,5856,0,0,0,0,0,7436,0,230,0,0,0,3,0,0,0,0,0,87,4976,0,429,0,0,0,0,0,0,685,0,0,1137,0,0,0,0,0,0,0,0,0,0,0,0,3,0,0,0,0,0,0,276,0,0,0,0,0,0,0,5,0,0,0,0,0,0,0,0,0,0,1395,0,0,0,0,0,0,0,0,0,0,0,0,0,0,1953,0,0,0,0,0,0,0,0,0,0,0,0,0,7433,0,0,0,0,0,0,0,0,0,0,0,32,0,0,0,0,0,0,666,0,0,0,0,0,0,0,0,0,0,0,0,0,2,0,0,0,0,0,0,0,0,0,0,0,0,0,763,0,0,2358,0,0,0,0,0,0,0,0,0,0,0,0,0,0,0,0,0,0,0,0,0,0,0,0,0,0,0,156,0,0,0,0,0,0,0,70,0,0,0,0,3,0,0,0,0,0,0,0,0,0,0,3,0,0,0,0,0,0,0,0,0,0,0,0,0,0,0,0,0,0,0,0,0,0,0,0,0,0,0,0,0,0,0,0,0,0,0,0,0,0,0,389,0,0,0,0,0,0,0,0,0,0,0,0,0,0,0,0,0,0,0,0,0,0,0,0,0,0,0,0,0,0,0,0,0,0,0,0,0,0,0,0,0,0,0,0,0,0,0,0,747,0
KF0123,0,0,6510,0,189,0,421,681,0,0,1669,0,160,0,0,139,0,27,30,1804,0,41,0,0,36120,0,0,0,401,0,0,0,0,0,460,0,0,144,0,2130,0,0,0,7,0,0,0,0,0,0,0,0,0,0,0,0,0,0,0,38,0,0,0,141,3,556,0,0,763,0,12142,1650,0,0,19,0,0,0,0,54,0,0,0,0,0,0,0,3119,0,0,0,189,0,0,0,0,70,92,4646,216,810,0,0,262,0,0,0,0,0,522,0,0,16,164,0,0,0,0,0,0,0,0,0,4,0,0,0,0,0,0,1846,0,0,0,0,0,0,0,145,0,0,0,0,0,0,0,0,0,0,14,0,4951,0,0,0,0,0,0,0,0,0,0,0,0,0,0,0,0,0,0,0,4,0,0,47,0,0,0,9874,0,0,0,0,0,0,0,0,0,0,0,0,0,0,0,0,0,0,268,100,0,0,0,0,0,0,0,0,0,0,0,0,0,0,0,0,0,0,0,0,0,0,511,4973,0,0,672,0,0,0,0,0,0,0,3,0,0,0,0,0,0,0,0,0,0,0,0,0,0,0,0,0,0,0,0,0,0,19,0,0,0,0,0,0,0,0,304,0,0,0,0,0,0,0,0,0,0,0,0,0,0,0,0,0,0,0,0,0,0,0,0,0,0,0,0,0,0,0,0,0,0,0,0,0,0,0,0,0,0,0,0,0,0,0,0,0,0,0,0,0,0,499,0,0,1634,0,0,0,0,0,0,0,0,0,0,0,0,0,0,0,0,0,0,0,0,0,0,0,0,0,0,0,0,0,0,0,0,0,0,0,0,0,0,0,0,0,0,0,0,0,0,0
KF0129,0,0,3570,3,0,0,7666,95,0,0,393,0,234,0,0,279,0,16,67,0,0,0,0,0,31857,0,0,0,118,0,0,0,0,0,324,0,0,157,0,1862,0,0,0,0,0,0,0,0,0,0,0,0,0,0,0,0,0,0,0,45,0,0,0,103,0,875,0,10,1751,0,5804,2376,0,0,11,0,0,0,0,34,0,0,0,0,0,0,0,287,0,0,0,176,0,0,0,0,0,83,6774,178,416,0,0,526,0,0,0,0,0,0,0,0,4,193,0,0,0,0,0,0,0,0,0,6,0,0,0,0,0,0,2065,0,0,0,0,0,0,0,44,0,0,0,0,0,0,0,0,0,0,0,0,4101,0,0,0,0,0,0,0,0,0,0,0,0,4,0,0,0,0,0,0,0,0,0,85,0,0,0,6662,0,0,0,0,0,0,0,0,0,0,0,0,0,0,0,0,0,0,239,32,0,0,0,0,0,0,0,0,0,0,4,0,0,0,0,0,0,0,0,0,0,0,332,4989,0,0,323,0,0,0,0,0,0,0,0,0,0,0,0,0,0,0,0,0,0,0,0,0,0,0,0,0,0,0,0,0,0,27,0,0,0,0,0,0,0,0,117,0,0,0,0,0,0,0,0,0,0,0,0,0,0,0,0,0,0,0,0,0,0,0,0,0,0,0,0,0,0,0,0,0,0,0,0,0,0,0,0,0,0,0,0,0,0,0,0,0,0,0,0,0,0,649,0,0,345,0,0,0,0,0,0,0,0,0,0,0,0,0,0,0,0,0,0,0,0,0,0,0,0,0,0,0,0,0,0,0,0,0,0,0,0,0,0,0,0,0,0,0,0,2478,0,0
KF0136,0,0,19982,0,0,0,11919,0,0,0,41,0,0,0,0,0,0,69,0,0,0,0,0,0,0,0,0,0,0,0,0,0,0,0,0,0,0,0,0,1776,0,0,0,0,1924,0,0,0,0,0,0,0,0,0,0,0,0,0,0,0,0,0,0,0,0,0,0,0,0,0,109416,0,0,0,0,0,0,0,6,0,0,0,0,0,0,0,0,1249,0,0,0,38,0,0,0,0,0,0,0,2161,392,0,0,0,0,0,0,0,0,1961,0,0,0,0,0,0,0,0,0,0,0,0,0,9,0,0,0,0,0,0,0,0,0,0,0,0,2,0,0,0,0,0,0,0,0,0,40,0,0,0,0,0,0,0,0,0,0,0,0,0,0,0,0,0,0,0,0,0,0,0,0,0,0,0,0,0,0,0,0,0,0,0,0,0,0,0,0,0,0,0,5,0,0,0,0,0,0,720,0,0,0,0,0,0,0,0,0,0,0,0,0,0,0,0,0,0,0,0,0,0,0,156,1151,0,0,0,0,0,0,0,0,0,0,0,0,0,0,0,0,0,0,0,0,0,0,0,0,0,0,0,0,0,0,0,0,0,0,0,0,0,0,0,0,0,0,0,0,0,0,0,0,0,0,0,0,0,0,0,0,0,7,0,0,0,0,0,0,0,0,0,0,0,0,0,0,0,0,0,0,0,0,0,0,0,0,0,0,0,0,0,0,0,0,0,0,0,0,0,0,0,5758,0,0,0,0,0,0,0,0,0,0,0,0,0,0,0,0,0,0,0,0,0,0,0,0,0,0,0,0,0,0,0,0,0,0,0,0,0,0,0,0,0,0,0,0,0,0,0,0,0,0
KF0147,0,0,2164,0,0,0,764,0,0,0,247,0,190,0,0,0,0,0,0,0,0,0,0,0,0,0,0,0,6,0,0,0,0,0,0,0,0,30,0,105,0,0,0,0,0,0,0,0,0,0,0,0,0,0,0,0,0,0,0,0,0,7,0,35,0,0,0,397,656,0,72463,740,0,0,0,0,0,0,3,97,0,0,0,0,0,0,0,1003,0,0,0,83,0,0,0,0,0,0,0,9,41,0,0,3,0,0,0,0,0,0,0,0,0,0,0,0,0,0,0,0,0,0,0,0,0,0,0,0,0,0,955,0,0,0,0,0,0,0,0,0,0,0,0,0,0,0,0,0,0,0,0,0,0,0,0,0,0,0,0,0,0,0,0,0,0,0,0,0,0,0,0,0,0,0,0,0,0,0,18,0,0,0,0,0,0,0,0,0,0,0,0,0,0,0,0,0,0,353,25,0,0,0,0,0,0,0,0,0,0,0,0,0,0,0,0,0,0,0,0,0,0,137,439,0,0,0,0,0,0,0,0,0,0,0,0,0,0,0,0,0,0,0,0,0,0,0,0,0,0,0,0,0,0,0,0,0,37,0,0,0,0,0,2,0,0,0,0,0,0,0,0,0,0,0,0,0,0,0,0,0,0,0,0,0,0,0,0,0,0,0,0,0,0,0,0,0,0,0,0,0,0,0,0,0,0,0,0,0,0,0,0,0,0,0,0,0,0,0,0,0,242,0,0,0,0,0,0,0,0,0,0,0,0,0,0,0,0,0,0,0,0,0,0,0,0,0,0,0,0,0,0,0,0,0,0,0,0,0,0,0,0,0,0,0,0,0,0,0,0,0,0
KF0150,156,0,15556,0,0,0,24028,0,0,0,0,0,0,0,0,0,0,0,0,0,0,1252,0,0,18551,0,0,0,0,0,0,0,0,0,442,0,0,0,0,0,0,0,0,0,1702,0,0,0,0,0,0,0,0,0,0,0,0,0,0,0,0,0,0,4919,1904,1424,0,0,10,0,45,887,0,0,0,0,0,0,0,685,0,0,0,0,0,0,0,0,0,0,0,200,0,0,0,0,0,0,10988,0,111,0,0,0,0,0,0,4130,0,0,0,0,0,0,0,0,0,0,0,0,0,0,0,0,0,0,0,0,0,0,0,0,0,0,0,0,0,0,0,0,0,0,0,0,0,0,0,0,0,0,0,0,0,0,0,0,0,0,0,0,0,0,0,0,463,0,0,0,0,0,0,0,0,0,0,0,0,0,1340,0,0,0,0,0,0,0,0,0,0,0,0,0,0,0,0,318,0,863,0,0,0,0,0,0,0,0,0,0,0,0,0,0,0,0,0,0,0,0,0,0,0,0,5,0,0,0,0,0,0,0,0,0,0,0,0,0,0,0,0,0,0,0,0,0,0,0,0,0,0,0,0,0,0,0,0,0,531,0,0,0,0,0,0,0,0,0,0,0,4,0,0,0,0,0,0,0,0,0,0,0,0,0,0,0,0,0,0,0,0,0,0,0,0,0,0,0,0,0,0,0,0,0,0,0,0,0,0,0,0,0,0,0,0,0,0,0,0,0,0,0,0,0,0,0,0,0,0,0,0,0,0,0,0,0,0,0,0,0,0,0,0,0,0,0,0,0,0,0,0,0,0,0,0,0,0,0,0,0,0,0,0,0,0,0,0,0,0,0,0,0,0
KF0168,0,0,4765,0,0,0,2139,0,0,0,0,0,0,0,0,3132,0,43,133,0,0,0,0,0,6263,0,0,0,50,0,0,0,0,0,0,0,0,0,0,0,0,0,0,0,71,0,0,0,0,0,0,0,0,0,0,0,0,0,9421,534,0,679,0,3,236,998,0,0,682,0,18,639,0,0,0,0,0,0,0,2040,0,0,0,0,0,0,0,891,0,0,0,0,0,0,0,0,0,925,83,276,3394,0,0,0,0,0,0,237,0,0,0,0,430,0,0,0,0,0,18673,0,0,0,0,0,0,0,0,0,0,0,0,0,0,0,0,0,0,0,0,0,0,0,0,0,0,0,0,0,0,0,0,51,0,0,0,0,0,0,0,0,0,0,0,0,4438,0,0,0,0,0,0,0,0,0,0,0,0,0,37598,0,0,0,0,0,0,0,0,0,0,0,0,0,0,0,0,0,0,19,0,0,0,0,0,0,0,0,0,0,0,0,0,19,0,0,0,0,0,0,0,0,0,0,0,0,0,0,0,0,0,0,0,50,0,0,0,0,0,0,0,0,0,0,0,0,0,0,0,0,0,0,0,0,0,0,0,0,1459,0,0,0,0,0,0,0,0,0,0,0,0,223,0,0,0,0,0,0,0,0,0,0,0,0,0,0,0,0,0,0,0,0,0,0,0,0,0,0,0,0,0,0,0,0,0,0,0,0,0,0,0,0,0,0,0,0,0,0,0,0,0,0,0,0,0,0,0,0,0,0,0,0,0,0,0,0,0,0,0,0,0,0,0,0,0,0,0,0,0,0,0,0,0,0,0,0,0,0,0,0,0,0,0,0,0,0,0,0,0,0,0,960,0
KF0170,0,0,14594,0,0,0,451,0,0,0,0,0,0,0,0,454,0,0,0,0,0,0,0,0,25335,0,0,0,0,0,0,0,0,0,0,0,0,0,0,0,0,0,0,0,1454,0,0,0,0,0,0,0,0,0,0,0,0,0,13142,0,0,0,0,0,1052,1667,0,125,5423,0,0,2131,0,0,0,0,0,0,0,0,0,0,0,0,0,0,0,0,0,0,0,0,0,0,0,0,0,0,16,0,0,0,0,0,0,0,0,0,0,0,0,0,0,0,0,0,0,0,0,0,0,0,0,0,0,0,0,0,0,0,0,0,0,0,0,0,0,0,0,0,0,0,0,0,0,0,0,0,0,0,0,0,0,0,0,0,0,0,0,0,0,0,0,0,0,0,0,0,0,0,0,0,0,0,0,0,0,0,30252,0,0,0,0,0,0,0,0,0,0,0,0,0,0,0,0,0,0,24,0,0,0,0,0,0,0,0,0,0,0,0,0,0,0,0,0,0,0,0,0,0,0,0,0,0,0,0,0,0,0,0,0,0,0,0,0,0,0,0,0,0,0,0,0,0,0,0,0,0,0,0,0,0,0,0,0,0,266,0,0,0,0,0,0,0,0,0,0,0,0,0,0,0,0,0,0,0,0,0,0,0,3,0,0,0,0,0,0,0,0,0,0,0,0,0,0,0,0,0,0,0,0,0,0,0,0,0,0,0,0,0,0,0,0,0,0,0,0,0,0,0,0,0,0,2,0,0,0,0,0,0,0,0,0,0,0,0,0,0,0,0,0,0,0,0,0,0,0,0,0,0,0,0,0,0,0,0,0,0,0,0,0,0,0,0,0,0,0,0,0,0,0
KF0177,0,0,12051,0,0,0,22535,0,0,0,0,0,0,0,0,0,0,1091,0,0,0,802,0,0,11945,0,0,0,0,0,0,0,0,0,0,198,0,0,0,0,0,0,0,0,1141,0,0,0,0,0,0,0,0,0,0,0,0,0,0,0,0,8623,0,2574,1389,864,0,0,262,0,89,3058,0,0,0,0,0,0,0,1038,0,22203,0,0,0,0,0,0,0,0,0,0,0,0,0,0,0,0,4592,597,47,0,0,0,0,0,0,1959,0,0,0,0,0,0,0,0,0,0,0,0,0,0,0,0,0,0,0,0,0,0,0,0,0,0,0,0,0,0,0,0,0,0,0,0,0,0,0,0,0,0,0,0,0,0,0,0,0,0,0,0,0,0,0,0,0,0,0,0,0,0,19,0,0,0,0,0,0,0,3818,0,0,0,0,0,0,0,0,0,0,0,0,0,0,0,0,54,0,530,0,0,0,0,0,0,0,0,0,0,0,0,0,0,0,0,0,0,0,0,0,0,0,0,0,0,0,0,0,0,0,0,0,0,0,0,0,0,0,0,0,0,0,0,0,0,0,0,0,0,0,0,0,0,0,0,0,0,302,0,0,0,0,0,0,0,0,0,0,0,0,0,0,0,0,0,0,0,0,0,0,0,0,0,0,0,0,0,0,0,0,0,0,0,0,0,0,0,0,0,0,0,0,0,0,0,0,0,0,0,0,0,0,0,0,0,0,0,0,0,0,0,0,0,0,0,0,0,0,0,0,0,0,0,0,0,0,0,0,0,0,0,0,0,0,0,0,0,0,0,0,0,0,0,0,0,0,0,0,0,0,0,0,0,0,0,0,0,0,0,0,0,0
KF0178,0,0,2929,322,0,0,4804,0,0,0,0,0,0,0,0,0,0,5,0,0,0,121,0,0,16080,0,0,0,0,0,0,0,0,0,0,0,0,0,0,855,0,0,0,0,297,0,0,0,0,0,0,0,0,0,0,0,0,0,0,0,0,0,0,0,202,363,0,0,100,0,932,3,0,0,0,0,0,0,0,0,0,6,0,0,0,0,0,0,0,0,0,0,0,0,0,0,0,0,0,0,0,0,0,0,0,0,0,0,0,0,0,0,0,0,0,0,0,0,0,0,0,0,0,0,0,0,0,0,0,0,0,0,0,0,0,0,0,0,0,0,0,0,0,0,0,0,0,0,0,0,0,0,0,0,0,0,0,0,0,0,0,0,0,0,0,0,0,0,0,0,0,0,0,0,0,0,0,0,4045,0,0,0,0,0,0,0,0,0,0,0,0,0,0,0,0,0,0,0,0,0,0,0,0,0,0,0,0,0,0,0,0,0,0,0,0,0,0,0,0,0,0,0,1196,0,0,0,0,0,0,0,0,0,0,0,0,0,0,0,0,0,0,0,0,0,0,0,0,0,0,0,0,0,0,0,0,0,0,0,0,0,0,0,0,0,0,0,0,0,0,0,0,0,0,0,0,0,0,0,0,0,0,0,0,0,0,0,0,0,0,0,0,0,0,0,0,0,0,0,0,0,0,0,0,0,0,0,0,0,0,0,0,0,0,0,0,0,0,0,0,0,0,0,0,0,0,0,0,0,0,0,0,0,0,0,0,0,0,0,0,0,0,0,0,0,0,0,0,0,0,0,0,0,0,0,0,0,0,0,0,0,0,0,0,0,0,0,0,0,0,0,0
KF0179,0,0,14347,0,0,0,1054,0,0,0,132,0,0,0,0,12,0,1940,0,0,0,0,0,0,3,0,0,0,53,0,0,0,0,0,0,0,0,0,0,0,0,0,0,0,1893,0,0,0,0,0,0,0,0,0,0,0,0,0,456,0,0,3,0,1155,1667,0,0,0,525,0,0,1078,0,0,0,0,0,0,0,0,0,0,0,0,0,0,0,0,0,0,0,0,0,0,0,0,0,67,27431,314,0,0,0,0,0,0,0,0,0,0,0,0,55,0,0,0,0,0,0,0,0,0,0,0,0,0,0,0,0,0,0,0,0,0,0,0,0,0,0,0,0,0,0,0,0,0,0,0,0,0,0,0,0,0,0,0,0,0,0,0,0,0,0,0,0,0,0,0,0,0,0,0,0,0,0,0,0,0,53371,0,0,0,0,0,0,0,0,0,0,0,0,0,0,0,0,0,0,0,0,0,0,0,0,0,0,0,0,0,0,0,0,0,0,0,0,0,0,0,0,0,0,0,0,0,0,0,0,0,0,0,0,0,0,0,0,0,0,0,0,0,0,0,0,0,0,0,0,0,0,0,0,0,0,0,0,0,86,0,0,0,0,0,0,0,0,0,0,0,0,0,0,0,0,0,0,0,0,0,0,0,0,0,0,0,0,0,0,0,0,0,0,0,0,0,0,0,0,0,0,0,0,0,0,0,0,0,0,0,0,0,0,0,0,0,0,0,0,0,0,0,863,0,0,0,0,0,0,0,0,0,0,0,0,0,0,0,0,0,0,0,0,0,0,0,0,0,0,0,0,0,0,0,0,0,0,0,0,0,0,0,0,0,0,0,0,0,0,0,0,0,0
KF0181,0,0,10511,838,0,0,3183,0,0,0,583,0,0,0,0,0,0,17,0,0,0,0,0,0,2721,0,0,0,342,0,0,0,0,0,0,0,0,32,0,0,0,0,0,0,2091,0,0,0,0,0,0,0,0,0,0,0,0,0,3125,56,0,148,0,48,277,682,0,10856,914,0,0,1140,0,0,0,0,0,0,0,372,0,0,0,0,0,0,0,1951,0,0,0,388,0,0,0,0,0,940,4330,63,56,0,0,0,0,0,0,2037,0,0,0,0,4,0,0,0,0,0,0,0,0,0,0,0,0,0,0,0,0,0,0,0,0,0,0,0,0,0,0,0,0,0,0,0,0,0,0,0,0,0,0,0,0,0,0,0,0,0,0,126,0,0,0,0,2391,0,0,0,0,0,0,0,0,0,0,0,0,0,7792,0,0,0,0,0,0,0,0,0,0,0,0,0,0,0,0,62,0,10,0,0,0,0,0,0,0,0,0,0,0,0,0,157,0,0,0,0,0,0,0,0,0,0,454,0,0,0,0,0,1039,0,0,0,0,0,0,0,0,0,0,0,0,0,0,0,0,0,0,0,0,0,0,0,0,0,0,0,259,0,0,0,0,0,0,0,0,0,0,0,0,0,0,0,0,0,0,0,0,0,0,0,0,0,0,0,0,0,0,0,0,0,0,0,0,0,0,0,0,0,0,0,0,0,0,0,0,0,0,0,0,0,0,0,0,0,0,0,0,0,0,0,480,0,0,0,0,0,0,0,0,0,0,0,0,0,0,0,0,0,0,0,0,0,0,0,0,0,0,0,0,0,0,0,0,0,0,0,0,0,0,0,0,0,0,0,0,0,0,0,0,0,0
KF0182,0,0,5101,0,0,0,3917,0,0,0,68,0,0,0,0,0,0,0,0,0,0,0,0,0,0,0,0,0,294,0,0,0,0,0,0,0,0,0,0,0,0,0,0,0,5033,0,0,0,0,0,0,0,0,0,0,0,0,0,994,0,0,0,0,0,0,0,0,118,605,0,8,10928,0,0,0,0,0,0,0,2,0,0,0,0,0,0,0,0,0,0,0,25,0,0,0,0,0,5,0,0,0,0,0,0,0,0,0,0,0,0,0,0,0,0,0,0,0,0,0,0,0,0,0,0,0,0,0,0,0,0,0,0,0,0,0,0,0,0,0,0,0,0,0,0,0,0,0,0,0,0,0,0,0,0,0,0,0,0,0,71,0,0,0,0,0,0,0,0,0,0,0,0,0,0,0,0,0,0,93671,0,0,0,0,0,0,0,0,0,0,0,0,0,0,0,0,0,0,83,0,0,0,0,0,0,0,0,0,0,0,0,0,0,0,0,0,0,0,0,0,0,0,0,0,0,0,0,0,0,0,0,0,0,0,0,0,0,0,0,0,0,0,0,0,0,0,0,0,0,0,0,0,0,0,0,0,0,0,0,0,0,0,0,0,0,0,0,0,0,0,0,0,0,0,0,0,0,0,0,0,0,0,0,0,0,0,0,0,0,0,0,0,0,0,0,0,0,0,0,0,0,0,0,0,0,0,0,0,0,0,0,0,0,0,0,0,0,0,0,0,0,0,0,0,0,0,0,0,0,0,0,0,0,0,0,0,0,0,0,0,0,0,0,0,0,0,0,0,0,0,0,0,0,0,0,0,0,0,0,0,0,0,0,0,0,0,0,0,0,0,0,0
KF0183,0,0,6927,0,0,0,5094,0,0,0,47,0,0,0,0,0,0,8,0,0,0,0,0,0,4653,0,0,0,369,0,0,0,0,0,0,0,0,0,0,0,0,0,0,0,1003,0,0,0,0,0,0,0,0,443,0,0,0,0,5237,15,0,2,0,14,142,518,0,2,88,0,0,995,0,0,0,0,0,0,0,38,0,0,0,0,0,0,0,634,0,0,0,0,0,122,0,0,0,268,696,53,54,0,0,0,0,0,0,0,0,0,0,0,0,0,0,0,0,0,694,0,0,0,0,0,0,0,0,0,0,0,0,0,0,0,0,0,0,0,0,0,0,0,0,0,0,0,0,0,0,0,0,0,0,0,0,0,0,0,0,72,0,0,0,0,51,0,0,0,0,0,0,0,0,0,0,0,0,0,6861,0,0,0,0,0,0,0,0,0,0,0,0,0,0,0,0,0,0,0,0,0,0,0,0,0,0,0,0,0,0,0,0,0,0,0,0,0,0,0,0,0,0,0,18,0,0,0,0,0,106,0,0,0,0,0,0,0,0,0,0,0,0,0,0,0,0,0,0,0,0,0,0,3,0,0,0,0,0,0,0,0,0,0,0,0,0,0,0,0,0,8,0,0,0,0,0,0,0,0,0,0,0,0,0,0,0,0,0,0,0,0,0,0,0,0,0,0,0,0,0,0,0,0,0,0,0,0,0,0,0,0,0,0,0,0,0,0,0,0,0,0,222,0,0,0,0,0,0,0,0,0,0,0,0,0,0,0,0,0,0,0,0,0,0,0,0,0,0,0,0,0,0,0,0,0,0,0,0,0,0,0,0,0,0,0,0,0,0,0,0,0,0
TB89,171,0,14126,759,632,0,7905,2214,14,8,652,0,829,0,0,27,189,199,49,0,1482,339,46,490,62,9591,0,0,14,0,439,0,0,259,0,5,0,0,381,47,0,0,0,0,471,0,0,0,58,0,20,0,0,20,33,0,14,0,622,28,112,20,20,2,0,255,0,15,88,0,0,355,0,0,20,0,0,34,102,88,0,52,0,15,0,3,94,86,10,11,0,36,7,9,232,0,0,0,306,26,0,24,0,235,62,15,25,168,21,0,0,17,109,14,0,0,18,8,0,179,0,5,177,274,0,0,0,0,50,1913,16,0,108,0,2297,16,0,0,73,7,0,0,190,8,39,0,0,4,0,17,185,1319,16,0,0,0,0,32,0,0,125,2,0,8,0,0,0,0,0,0,0,0,0,0,9,0,32,58,0,0,4,239,6,0,0,21,0,11,0,0,0,0,405,0,0,70,0,11,0,0,0,0,0,0,0,0,0,0,142,0,0,261,0,0,85,0,16,0,0,18,0,0,0,0,0,0,0,0,0,0,0,23,0,5,0,0,17,2,0,61,108,0,0,0,38,9,0,274,6,47,0,0,0,0,7,0,0,10,13,0,0,0,0,0,0,0,0,0,0,392,0,0,0,0,32,73,0,14,0,0,0,0,0,0,0,0,0,0,0,0,0,0,0,0,0,0,0,0,0,0,0,117,0,0,0,0,0,0,0,0,0,44,0,0,11,0,0,0,0,0,0,0,0,0,0,3,0,29,0,0,0,10,0,0,0,0,0,0,0,0,0,0,0,0,23,0,0,0,14,4,0,0,15,0,0,0,9,0,9,0,0,0,0,0,0,0,0,0,0,0,0
TB90,84,0,7724,2279,340,21,3941,748,72,0,220,0,3133,0,0,0,574,175,0,433,335,119,281,38,232,29437,0,0,0,0,1446,0,0,206,0,14,0,0,141,0,0,0,0,0,884,0,0,0,69,5,55,2,0,25,52,0,0,0,629,0,0,26,92,0,0,156,0,13,45,0,0,174,0,0,14,0,0,40,292,29,0,63,0,0,0,0,189,105,0,9,4,13,6,0,61,0,0,0,6,0,7,96,47,0,0,0,21,67,72,0,0,26,125,14,0,0,23,46,31,0,0,0,898,186,0,13,0,0,17,1354,53,0,65,0,167,11,0,0,430,0,0,0,147,0,0,0,0,18,0,0,936,878,13,0,5,0,0,326,0,0,197,0,0,7,0,0,0,0,0,0,0,0,14,0,0,0,0,0,0,0,0,594,0,5,0,35,0,0,0,0,0,0,747,0,0,40,0,18,8,0,0,0,0,0,0,0,0,0,73,0,0,93,22,0,121,0,0,0,0,6,0,0,0,0,0,0,0,0,0,0,0,37,0,0,0,0,0,0,0,323,65,0,0,5,35,76,211,284,0,38,0,0,0,0,0,0,0,0,0,0,0,0,0,0,0,0,0,0,0,55,0,0,0,0,0,6,0,10,0,0,0,125,0,0,0,0,0,0,0,0,0,0,0,0,0,0,0,3,0,0,0,2185,0,0,0,0,0,0,0,0,0,0,0,0,10,0,0,0,0,0,0,0,0,0,0,0,0,21,0,0,0,23,0,0,7,7,0,0,0,0,0,0,0,0,0,0,0,0,0,0,0,0,0,0,0,619,5,0,0,0,0,0,84,0,0,0,0,25,0,0,0
TB115,3454,138,20738,3993,2126,125,16135,2092,207,296,4177,67,1005,364,270,221,2150,2158,514,622,540,5876,2776,2230,356,1585,95,17,37,50,1279,55,9,3443,638,385,49,26,1299,116,4,76,0,411,3029,43,0,3,11,50,43,0,6,462,3471,133,0,510,1125,313,2091,319,236,539,59,367,133,244,3507,5,233,406,19,105,95,2,27,10,0,1803,1667,1219,63,24,5112,189,329,1316,42,0,215,808,134,218,221,135,11,448,10722,377,200,32,152,2499,72,143,0,87,153,6,0,43,214,152,85,25,722,5,582,487,0,0,2155,0,7,184,0,5,82,30,38,0,316,139,916,54,0,38,57,42,0,24,82,0,21,2864,0,23,73,222,143,408,14,31,0,0,18,0,0,2,245,41,12,56,38,10,5,9,2,9,0,69,10,0,30,71,118,20,0,0,0,20,61,0,0,32,0,0,11,0,8,0,62,5,4,36,13,126,0,60,9,0,21,119,0,0,0,227,0,270,0,321,8,43,0,0,49,0,0,35,6,21,102,16,17,0,7,26,19,2,0,158,0,0,14,3,0,3,0,35,14,6,6,0,0,4,115,1115,22,21,0,49,3,8,7,8,75,0,0,164,0,9,4,27,0,53,12,4,0,1887,3,0,0,0,32,0,4,0,12,11,0,343,0,2,100,19,0,3,0,34,0,542,19,0,7,2,0,0,6,6,12,63,0,0,44,13,0,0,4,0,0,18,0,33,0,0,0,0,0,0,103,0,0,0,8,0,0,0,2,8,3,0,0,0,0,0,6,4,7,2,22,0,4,8,16,31,0,0,0,0,0,0,0,0,15,9,0,0,39,5,6,0,0,18,0,0,8,0,0,7,5
TB139,1345,11,37599,3871,369,794,17914,5984,218,23,1380,65,426,24,2646,714,2526,2058,1174,495,290,6670,1332,191,109,4096,0,75,44,0,8504,10,10,185,87,674,31,225,802,110,0,13,4,291,597,0,7,3,79,0,12,0,0,891,628,2,1227,643,142,47,134,175,157,2350,24,0,33,10,2345,0,50,485,0,146,57,0,36,17,52,1743,1309,1111,20,34,8,9,257,220,6,71,3,78,13,191,147,649,0,118,1486,136,36,17,24,822,10609,27,8,68,10,35,0,0,301,9,90,0,171,26,126,561,0,0,400,0,0,11,66,0,87,77,0,40,44,4,11,19,0,13,1307,0,0,0,14,0,310,14,9,9,3,118,85,890,7,34,18,0,26,0,0,2,1480,9,8,63,30,0,3,12,0,2,17,102,0,14,0,0,72,0,14,16,0,336,0,0,0,18,0,411,0,9,54,0,49,7,0,251,0,28,0,0,30,195,0,21,0,23,3,63,0,29,8,52,5,0,0,5,237,0,73,24,5,0,102,0,3,0,19,0,33,13,14,53,0,58,15,0,8,0,377,273,584,92,0,0,7,11,25,138,0,5,0,13,4,0,28,0,31,0,23,40,0,2,0,19,7,42,0,0,0,250,0,0,5,4,0,6,12,14,6,9,0,10,10,0,0,0,0,0,0,7,0,0,0,0,0,5,2,10,3,0,0,1318,0,0,0,4,9,0,0,6,0,0,7,0,0,0,0,13,6,4,34,0,0,0,0,0,2,0,0,6,0,0,0,0,0,0,0,0,0,0,6,4,0,0,633,33,2,17,0,278,6,36,0,0,0,0,0,3,7,6,0,7,7,4,0,2,0,0,0,0,0
TB140,361,16,21586,13016,627,736,6483,6877,500,36,1285,88,2906,39,44,327,8869,1736,259,1153,44,898,3031,86,82,15555,0,9,49,110,8962,0,19,140,57,437,0,38,936,99,0,22,50,33,6085,2,0,0,447,0,4,0,0,409,689,27,31,950,293,30,184,191,367,202,6,263,12,0,1597,0,32,148,55,101,41,0,105,11,946,534,181,177,30,0,13,13,134,362,0,34,16,166,80,219,28,666,4,18,1431,137,68,37,9,153,909,6,477,182,45,30,0,0,1217,16,0,9,88,169,295,198,10,0,9192,0,0,16,30,0,0,2805,118,20,29,4,18,62,0,0,1147,0,0,29,10,0,26,0,0,103,3,29,1624,2323,0,33,17,0,4,53,6,10,1280,35,0,37,12,11,0,43,0,8,0,47,0,163,23,0,43,0,2,5,4,453,53,35,5,6,5,447,0,0,10,3,574,0,24,66,0,35,27,16,6,24,0,42,2,14,0,41,0,28,18,0,4,0,0,0,26,0,6,11,0,12,21,0,0,5,26,0,14,11,6,13,8,0,2,0,7,0,0,581,34,38,0,0,56,32,243,2534,4,0,10,14,0,0,0,0,8,0,27,12,2,4,0,0,0,9,0,0,0,89,0,0,0,3,0,11,10,61,0,0,0,590,0,0,0,0,3,0,15,81,0,0,0,6,2,81,0,0,0,0,0,457,0,2,0,0,0,0,0,0,0,0,0,0,0,0,0,0,10,12,111,0,0,0,0,0,0,0,0,0,0,0,3,6,25,0,6,0,0,0,0,0,0,0,36,22,0,0,0,57,0,15,0,4,0,0,0,0,0,0,0,8,0,0,8,0,0,0,0,0,0
TB155,299,101,17969,1831,493,21,7393,3377,506,211,24027,67,1630,29,0,71,3410,1702,141,591,213,781,515,1339,1776,524,16,6,92,124,1885,54,109,22415,130,653,4,0,8587,17,0,20,18,4,9411,0,0,0,5,25,100,0,3,300,286,22,0,171,1562,122,64,128,161,113,0,140,11,19,769,0,34,690,16,16,6,41,249,15,0,349,56,3115,44,154,206,136,4142,1536,25,0,370,57,73,391,4164,0,224,100,2051,549,0,0,366,4826,5,51,7,41,12,0,0,2,91,0,12,59,191,6,303,409,0,0,4914,0,0,11,0,0,36,27,27,0,5041,168,7205,65,0,64,109,28,3,0,21,0,20,203,0,19,13,36,3076,460,0,20,43,4,2,0,0,0,0,2,64,3,7,0,0,40,0,0,7,0,819,0,0,98,9,0,18,0,19,0,66,7,0,231,0,0,0,0,0,0,482,0,2,13,3,50,0,5,8,0,19,28,0,0,0,23,0,61,0,26,0,39,0,0,0,4,0,0,0,4,0,4,0,0,12,37,5,0,0,64,9,0,0,0,0,0,0,122,3,91,4,0,0,15,103,5504,69,7,7,43,0,0,232,0,0,0,35,19,0,5,0,5,0,0,0,6,0,311,0,2,0,0,0,0,0,0,0,0,0,8,0,0,0,0,0,0,4,0,2,1529,0,0,0,0,0,10,0,0,7,0,7,0,9,0,0,10,3,0,0,0,0,28,0,49,6,0,0,4,48,164,4,0,0,0,0,0,0,0,0,0,0,0,0,0,0,0,0,34,0,0,0,0,0,101,0,6,0,0,2,0,0,0,0,0,0,0,882,0,0,0,0,0,0,0,0,0,0,0,0